image,image_path,target_class,gt_count,csv_bucket,recomputed_bucket,bucket_match
0000001_02999_d_0000005.jpg,/data/raja/Datasets/VisDrone/VisDrone2019-DET-val/images/0000001_02999_d_0000005.jpg,car,7,4 or more,4 or more,True
0000001_03499_d_0000006.jpg,/data/raja/Datasets/VisDrone/VisDrone2019-DET-val/images/0000001_03499_d_0000006.jpg,awning-tricycle,1,1,1,True
0000001_03999_d_0000007.jpg,/data/raja/Datasets/VisDrone/VisDrone2019-DET-val/images/0000001_03999_d_0000007.jpg,motor,5,4 or more,4 or more,True
0000001_04527_d_0000008.jpg,/data/raja/Datasets/VisDrone/VisDrone2019-DET-val/images/0000001_04527_d_0000008.jpg,motor,1,1,1,True
0000001_05249_d_0000009.jpg,/data/raja/Datasets/VisDrone/VisDrone2019-DET-val/images/0000001_05249_d_0000009.jpg,car,39,4 or more,4 or more,True
0000001_05499_d_0000010.jpg,/data/raja/Datasets/VisDrone/VisDrone2019-DET-val/images/0000001_05499_d_0000010.jpg,van,4,4 or more,4 or more,True
0000001_05999_d_0000011.jpg,/data/raja/Datasets/VisDrone/VisDrone2019-DET-val/images/0000001_05999_d_0000011.jpg,motor,1,1,1,True
0000001_07999_d_0000012.jpg,/data/raja/Datasets/VisDrone/VisDrone2019-DET-val/images/0000001_07999_d_0000012.jpg,tricycle,3,3,3,True
0000001_08414_d_0000013.jpg,/data/raja/Datasets/VisDrone/VisDrone2019-DET-val/images/0000001_08414_d_0000013.jpg,car,17,4 or more,4 or more,True
0000021_00000_d_0000001.jpg,/data/raja/Datasets/VisDrone/VisDrone2019-DET-val/images/0000021_00000_d_0000001.jpg,people,2,2,2,True
0000021_00500_d_0000002.jpg,/data/raja/Datasets/VisDrone/VisDrone2019-DET-val/images/0000021_00500_d_0000002.jpg,pedestrian,2,2,2,True
0000021_00800_d_0000003.jpg,/data/raja/Datasets/VisDrone/VisDrone2019-DET-val/images/0000021_00800_d_0000003.jpg,pedestrian,2,2,2,True
0000022_00000_d_0000004.jpg,/data/raja/Datasets/VisDrone/VisDrone2019-DET-val/images/0000022_00000_d_0000004.jpg,pedestrian,7,4 or more,4 or more,True
0000022_00500_d_0000005.jpg,/data/raja/Datasets/VisDrone/VisDrone2019-DET-val/images/0000022_00500_d_0000005.jpg,pedestrian,6,4 or more,4 or more,True
0000022_01036_d_0000006.jpg,/data/raja/Datasets/VisDrone/VisDrone2019-DET-val/images/0000022_01036_d_0000006.jpg,pedestrian,8,4 or more,4 or more,True
0000022_01251_d_0000007.jpg,/data/raja/Datasets/VisDrone/VisDrone2019-DET-val/images/0000022_01251_d_0000007.jpg,motor,2,2,2,True
0000023_00000_d_0000008.jpg,/data/raja/Datasets/VisDrone/VisDrone2019-DET-val/images/0000023_00000_d_0000008.jpg,pedestrian,6,4 or more,4 or more,True
0000023_00300_d_0000009.jpg,/data/raja/Datasets/VisDrone/VisDrone2019-DET-val/images/0000023_00300_d_0000009.jpg,people,5,4 or more,4 or more,True
0000023_00868_d_0000010.jpg,/data/raja/Datasets/VisDrone/VisDrone2019-DET-val/images/0000023_00868_d_0000010.jpg,pedestrian,10,4 or more,4 or more,True
0000023_01233_d_0000011.jpg,/data/raja/Datasets/VisDrone/VisDrone2019-DET-val/images/0000023_01233_d_0000011.jpg,motor,2,2,2,True
0000024_00000_d_0000012.jpg,/data/raja/Datasets/VisDrone/VisDrone2019-DET-val/images/0000024_00000_d_0000012.jpg,pedestrian,9,4 or more,4 or more,True
0000024_00500_d_0000013.jpg,/data/raja/Datasets/VisDrone/VisDrone2019-DET-val/images/0000024_00500_d_0000013.jpg,motor,3,3,3,True
0000024_01000_d_0000014.jpg,/data/raja/Datasets/VisDrone/VisDrone2019-DET-val/images/0000024_01000_d_0000014.jpg,pedestrian,3,3,3,True
0000024_01543_d_0000015.jpg,/data/raja/Datasets/VisDrone/VisDrone2019-DET-val/images/0000024_01543_d_0000015.jpg,pedestrian,7,4 or more,4 or more,True
0000026_00000_d_0000024.jpg,/data/raja/Datasets/VisDrone/VisDrone2019-DET-val/images/0000026_00000_d_0000024.jpg,van,1,1,1,True
0000026_00500_d_0000025.jpg,/data/raja/Datasets/VisDrone/VisDrone2019-DET-val/images/0000026_00500_d_0000025.jpg,car,10,4 or more,4 or more,True
0000026_01000_d_0000026.jpg,/data/raja/Datasets/VisDrone/VisDrone2019-DET-val/images/0000026_01000_d_0000026.jpg,motor,2,2,2,True
0000026_01500_d_0000027.jpg,/data/raja/Datasets/VisDrone/VisDrone2019-DET-val/images/0000026_01500_d_0000027.jpg,pedestrian,1,1,1,True
0000026_02000_d_0000028.jpg,/data/raja/Datasets/VisDrone/VisDrone2019-DET-val/images/0000026_02000_d_0000028.jpg,car,9,4 or more,4 or more,True
0000026_02500_d_0000029.jpg,/data/raja/Datasets/VisDrone/VisDrone2019-DET-val/images/0000026_02500_d_0000029.jpg,van,2,2,2,True
0000026_03000_d_0000030.jpg,/data/raja/Datasets/VisDrone/VisDrone2019-DET-val/images/0000026_03000_d_0000030.jpg,van,1,1,1,True
0000026_03500_d_0000031.jpg,/data/raja/Datasets/VisDrone/VisDrone2019-DET-val/images/0000026_03500_d_0000031.jpg,pedestrian,1,1,1,True
0000026_04000_d_0000032.jpg,/data/raja/Datasets/VisDrone/VisDrone2019-DET-val/images/0000026_04000_d_0000032.jpg,car,12,4 or more,4 or more,True
0000026_04500_d_0000033.jpg,/data/raja/Datasets/VisDrone/VisDrone2019-DET-val/images/0000026_04500_d_0000033.jpg,tricycle,1,1,1,True
0000026_04978_d_0000034.jpg,/data/raja/Datasets/VisDrone/VisDrone2019-DET-val/images/0000026_04978_d_0000034.jpg,truck,1,1,1,True
0000055_00000_d_0000109.jpg,/data/raja/Datasets/VisDrone/VisDrone2019-DET-val/images/0000055_00000_d_0000109.jpg,people,18,4 or more,4 or more,True
0000055_00714_d_0000110.jpg,/data/raja/Datasets/VisDrone/VisDrone2019-DET-val/images/0000055_00714_d_0000110.jpg,motor,13,4 or more,4 or more,True
0000069_00001_d_0000001.jpg,/data/raja/Datasets/VisDrone/VisDrone2019-DET-val/images/0000069_00001_d_0000001.jpg,motor,3,3,3,True
0000069_00483_d_0000002.jpg,/data/raja/Datasets/VisDrone/VisDrone2019-DET-val/images/0000069_00483_d_0000002.jpg,people,3,3,3,True
0000069_00713_d_0000003.jpg,/data/raja/Datasets/VisDrone/VisDrone2019-DET-val/images/0000069_00713_d_0000003.jpg,pedestrian,23,4 or more,4 or more,True
0000069_01109_d_0000004.jpg,/data/raja/Datasets/VisDrone/VisDrone2019-DET-val/images/0000069_01109_d_0000004.jpg,motor,2,2,2,True
0000069_01878_d_0000005.jpg,/data/raja/Datasets/VisDrone/VisDrone2019-DET-val/images/0000069_01878_d_0000005.jpg,bicycle,1,1,1,True
0000069_02163_d_0000006.jpg,/data/raja/Datasets/VisDrone/VisDrone2019-DET-val/images/0000069_02163_d_0000006.jpg,tricycle,1,1,1,True
0000069_02480_d_0000007.jpg,/data/raja/Datasets/VisDrone/VisDrone2019-DET-val/images/0000069_02480_d_0000007.jpg,car,10,4 or more,4 or more,True
0000072_02834_d_0000003.jpg,/data/raja/Datasets/VisDrone/VisDrone2019-DET-val/images/0000072_02834_d_0000003.jpg,bicycle,1,1,1,True
0000076_02142_d_0000009.jpg,/data/raja/Datasets/VisDrone/VisDrone2019-DET-val/images/0000076_02142_d_0000009.jpg,truck,6,4 or more,4 or more,True
0000081_00000_d_0000001.jpg,/data/raja/Datasets/VisDrone/VisDrone2019-DET-val/images/0000081_00000_d_0000001.jpg,people,4,4 or more,4 or more,True
0000086_00000_d_0000001.jpg,/data/raja/Datasets/VisDrone/VisDrone2019-DET-val/images/0000086_00000_d_0000001.jpg,pedestrian,20,4 or more,4 or more,True
0000086_00592_d_0000002.jpg,/data/raja/Datasets/VisDrone/VisDrone2019-DET-val/images/0000086_00592_d_0000002.jpg,people,13,4 or more,4 or more,True
0000086_01084_d_0000003.jpg,/data/raja/Datasets/VisDrone/VisDrone2019-DET-val/images/0000086_01084_d_0000003.jpg,bicycle,1,1,1,True
0000086_01443_d_0000004.jpg,/data/raja/Datasets/VisDrone/VisDrone2019-DET-val/images/0000086_01443_d_0000004.jpg,pedestrian,25,4 or more,4 or more,True
0000086_01954_d_0000005.jpg,/data/raja/Datasets/VisDrone/VisDrone2019-DET-val/images/0000086_01954_d_0000005.jpg,people,10,4 or more,4 or more,True
0000103_00180_d_0000026.jpg,/data/raja/Datasets/VisDrone/VisDrone2019-DET-val/images/0000103_00180_d_0000026.jpg,pedestrian,1,1,1,True
0000103_00502_d_0000027.jpg,/data/raja/Datasets/VisDrone/VisDrone2019-DET-val/images/0000103_00502_d_0000027.jpg,pedestrian,2,2,2,True
0000103_01734_d_0000028.jpg,/data/raja/Datasets/VisDrone/VisDrone2019-DET-val/images/0000103_01734_d_0000028.jpg,car,3,3,3,True
0000103_02544_d_0000029.jpg,/data/raja/Datasets/VisDrone/VisDrone2019-DET-val/images/0000103_02544_d_0000029.jpg,pedestrian,1,1,1,True
0000103_02964_d_0000030.jpg,/data/raja/Datasets/VisDrone/VisDrone2019-DET-val/images/0000103_02964_d_0000030.jpg,truck,1,1,1,True
0000103_03349_d_0000031.jpg,/data/raja/Datasets/VisDrone/VisDrone2019-DET-val/images/0000103_03349_d_0000031.jpg,pedestrian,1,1,1,True
0000103_03738_d_0000032.jpg,/data/raja/Datasets/VisDrone/VisDrone2019-DET-val/images/0000103_03738_d_0000032.jpg,truck,1,1,1,True
0000103_04122_d_0000033.jpg,/data/raja/Datasets/VisDrone/VisDrone2019-DET-val/images/0000103_04122_d_0000033.jpg,pedestrian,3,3,3,True
0000103_04513_d_0000034.jpg,/data/raja/Datasets/VisDrone/VisDrone2019-DET-val/images/0000103_04513_d_0000034.jpg,car,1,1,1,True
0000103_04948_d_0000035.jpg,/data/raja/Datasets/VisDrone/VisDrone2019-DET-val/images/0000103_04948_d_0000035.jpg,car,1,1,1,True
0000115_00315_d_0000080.jpg,/data/raja/Datasets/VisDrone/VisDrone2019-DET-val/images/0000115_00315_d_0000080.jpg,pedestrian,1,1,1,True
0000115_00796_d_0000081.jpg,/data/raja/Datasets/VisDrone/VisDrone2019-DET-val/images/0000115_00796_d_0000081.jpg,tricycle,1,1,1,True
0000115_01031_d_0000082.jpg,/data/raja/Datasets/VisDrone/VisDrone2019-DET-val/images/0000115_01031_d_0000082.jpg,car,9,4 or more,4 or more,True
0000116_00351_d_0000083.jpg,/data/raja/Datasets/VisDrone/VisDrone2019-DET-val/images/0000116_00351_d_0000083.jpg,pedestrian,3,3,3,True
0000116_00819_d_0000084.jpg,/data/raja/Datasets/VisDrone/VisDrone2019-DET-val/images/0000116_00819_d_0000084.jpg,motor,4,4 or more,4 or more,True
0000116_01059_d_0000085.jpg,/data/raja/Datasets/VisDrone/VisDrone2019-DET-val/images/0000116_01059_d_0000085.jpg,car,7,4 or more,4 or more,True
0000116_01338_d_0000086.jpg,/data/raja/Datasets/VisDrone/VisDrone2019-DET-val/images/0000116_01338_d_0000086.jpg,pedestrian,1,1,1,True
0000117_00112_d_0000087.jpg,/data/raja/Datasets/VisDrone/VisDrone2019-DET-val/images/0000117_00112_d_0000087.jpg,people,2,2,2,True
0000117_01326_d_0000088.jpg,/data/raja/Datasets/VisDrone/VisDrone2019-DET-val/images/0000117_01326_d_0000088.jpg,van,3,3,3,True
0000117_01731_d_0000089.jpg,/data/raja/Datasets/VisDrone/VisDrone2019-DET-val/images/0000117_01731_d_0000089.jpg,motor,2,2,2,True
0000117_02708_d_0000090.jpg,/data/raja/Datasets/VisDrone/VisDrone2019-DET-val/images/0000117_02708_d_0000090.jpg,tricycle,1,1,1,True
0000117_03096_d_0000091.jpg,/data/raja/Datasets/VisDrone/VisDrone2019-DET-val/images/0000117_03096_d_0000091.jpg,car,5,4 or more,4 or more,True
0000129_02411_d_0000138.jpg,/data/raja/Datasets/VisDrone/VisDrone2019-DET-val/images/0000129_02411_d_0000138.jpg,truck,6,4 or more,4 or more,True
0000153_00001_d_0000001.jpg,/data/raja/Datasets/VisDrone/VisDrone2019-DET-val/images/0000153_00001_d_0000001.jpg,truck,2,2,2,True
0000153_00401_d_0000001.jpg,/data/raja/Datasets/VisDrone/VisDrone2019-DET-val/images/0000153_00401_d_0000001.jpg,awning-tricycle,1,1,1,True
0000153_00801_d_0000001.jpg,/data/raja/Datasets/VisDrone/VisDrone2019-DET-val/images/0000153_00801_d_0000001.jpg,motor,3,3,3,True
0000153_01201_d_0000001.jpg,/data/raja/Datasets/VisDrone/VisDrone2019-DET-val/images/0000153_01201_d_0000001.jpg,bicycle,1,1,1,True
0000153_01601_d_0000001.jpg,/data/raja/Datasets/VisDrone/VisDrone2019-DET-val/images/0000153_01601_d_0000001.jpg,tricycle,1,1,1,True
0000153_01801_d_0000001.jpg,/data/raja/Datasets/VisDrone/VisDrone2019-DET-val/images/0000153_01801_d_0000001.jpg,awning-tricycle,1,1,1,True
0000154_00001_d_0000001.jpg,/data/raja/Datasets/VisDrone/VisDrone2019-DET-val/images/0000154_00001_d_0000001.jpg,tricycle,1,1,1,True
0000154_00401_d_0000001.jpg,/data/raja/Datasets/VisDrone/VisDrone2019-DET-val/images/0000154_00401_d_0000001.jpg,tricycle,2,2,2,True
0000154_00801_d_0000001.jpg,/data/raja/Datasets/VisDrone/VisDrone2019-DET-val/images/0000154_00801_d_0000001.jpg,people,2,2,2,True
0000154_01201_d_0000001.jpg,/data/raja/Datasets/VisDrone/VisDrone2019-DET-val/images/0000154_01201_d_0000001.jpg,people,2,2,2,True
0000154_01601_d_0000001.jpg,/data/raja/Datasets/VisDrone/VisDrone2019-DET-val/images/0000154_01601_d_0000001.jpg,motor,1,1,1,True
0000154_02001_d_0000001.jpg,/data/raja/Datasets/VisDrone/VisDrone2019-DET-val/images/0000154_02001_d_0000001.jpg,van,2,2,2,True
0000155_00001_d_0000001.jpg,/data/raja/Datasets/VisDrone/VisDrone2019-DET-val/images/0000155_00001_d_0000001.jpg,bus,2,2,2,True
0000155_00401_d_0000001.jpg,/data/raja/Datasets/VisDrone/VisDrone2019-DET-val/images/0000155_00401_d_0000001.jpg,bicycle,1,1,1,True
0000155_00801_d_0000001.jpg,/data/raja/Datasets/VisDrone/VisDrone2019-DET-val/images/0000155_00801_d_0000001.jpg,pedestrian,2,2,2,True
0000155_01201_d_0000001.jpg,/data/raja/Datasets/VisDrone/VisDrone2019-DET-val/images/0000155_01201_d_0000001.jpg,awning-tricycle,1,1,1,True
0000155_01601_d_0000001.jpg,/data/raja/Datasets/VisDrone/VisDrone2019-DET-val/images/0000155_01601_d_0000001.jpg,awning-tricycle,1,1,1,True
0000155_01871_d_0000001.jpg,/data/raja/Datasets/VisDrone/VisDrone2019-DET-val/images/0000155_01871_d_0000001.jpg,van,3,3,3,True
0000162_00001_d_0000001.jpg,/data/raja/Datasets/VisDrone/VisDrone2019-DET-val/images/0000162_00001_d_0000001.jpg,awning-tricycle,1,1,1,True
0000162_00401_d_0000001.jpg,/data/raja/Datasets/VisDrone/VisDrone2019-DET-val/images/0000162_00401_d_0000001.jpg,motor,1,1,1,True
0000162_00801_d_0000001.jpg,/data/raja/Datasets/VisDrone/VisDrone2019-DET-val/images/0000162_00801_d_0000001.jpg,car,3,3,3,True
0000162_01058_d_0000001.jpg,/data/raja/Datasets/VisDrone/VisDrone2019-DET-val/images/0000162_01058_d_0000001.jpg,motor,3,3,3,True
0000163_00001_d_0000001.jpg,/data/raja/Datasets/VisDrone/VisDrone2019-DET-val/images/0000163_00001_d_0000001.jpg,truck,5,4 or more,4 or more,True
0000163_00359_d_0000001.jpg,/data/raja/Datasets/VisDrone/VisDrone2019-DET-val/images/0000163_00359_d_0000001.jpg,van,1,1,1,True
0000165_04325_d_0000105.jpg,/data/raja/Datasets/VisDrone/VisDrone2019-DET-val/images/0000165_04325_d_0000105.jpg,bicycle,2,2,2,True
0000166_00558_d_0000118.jpg,/data/raja/Datasets/VisDrone/VisDrone2019-DET-val/images/0000166_00558_d_0000118.jpg,van,4,4 or more,4 or more,True
0000193_00000_d_0000103.jpg,/data/raja/Datasets/VisDrone/VisDrone2019-DET-val/images/0000193_00000_d_0000103.jpg,truck,1,1,1,True
0000193_01497_d_0000111.jpg,/data/raja/Datasets/VisDrone/VisDrone2019-DET-val/images/0000193_01497_d_0000111.jpg,van,2,2,2,True
0000193_01705_d_0000112.jpg,/data/raja/Datasets/VisDrone/VisDrone2019-DET-val/images/0000193_01705_d_0000112.jpg,awning-tricycle,2,2,2,True
0000193_01876_d_0000113.jpg,/data/raja/Datasets/VisDrone/VisDrone2019-DET-val/images/0000193_01876_d_0000113.jpg,car,9,4 or more,4 or more,True
0000193_02029_d_0000114.jpg,/data/raja/Datasets/VisDrone/VisDrone2019-DET-val/images/0000193_02029_d_0000114.jpg,people,6,4 or more,4 or more,True
0000193_02212_d_0000115.jpg,/data/raja/Datasets/VisDrone/VisDrone2019-DET-val/images/0000193_02212_d_0000115.jpg,car,1,1,1,True
0000193_02416_d_0000116.jpg,/data/raja/Datasets/VisDrone/VisDrone2019-DET-val/images/0000193_02416_d_0000116.jpg,van,1,1,1,True
0000193_02606_d_0000117.jpg,/data/raja/Datasets/VisDrone/VisDrone2019-DET-val/images/0000193_02606_d_0000117.jpg,motor,2,2,2,True
0000193_02725_d_0000118.jpg,/data/raja/Datasets/VisDrone/VisDrone2019-DET-val/images/0000193_02725_d_0000118.jpg,motor,3,3,3,True
0000194_00000_d_0000119.jpg,/data/raja/Datasets/VisDrone/VisDrone2019-DET-val/images/0000194_00000_d_0000119.jpg,tricycle,2,2,2,True
0000194_00200_d_0000120.jpg,/data/raja/Datasets/VisDrone/VisDrone2019-DET-val/images/0000194_00200_d_0000120.jpg,motor,1,1,1,True
0000194_00399_d_0000121.jpg,/data/raja/Datasets/VisDrone/VisDrone2019-DET-val/images/0000194_00399_d_0000121.jpg,people,1,1,1,True
0000194_00625_d_0000122.jpg,/data/raja/Datasets/VisDrone/VisDrone2019-DET-val/images/0000194_00625_d_0000122.jpg,tricycle,4,4 or more,4 or more,True
0000194_00800_d_0000123.jpg,/data/raja/Datasets/VisDrone/VisDrone2019-DET-val/images/0000194_00800_d_0000123.jpg,car,3,3,3,True
0000194_00998_d_0000124.jpg,/data/raja/Datasets/VisDrone/VisDrone2019-DET-val/images/0000194_00998_d_0000124.jpg,car,4,4 or more,4 or more,True
0000194_01192_d_0000125.jpg,/data/raja/Datasets/VisDrone/VisDrone2019-DET-val/images/0000194_01192_d_0000125.jpg,van,1,1,1,True
0000196_04512_d_0000144.jpg,/data/raja/Datasets/VisDrone/VisDrone2019-DET-val/images/0000196_04512_d_0000144.jpg,motor,1,1,1,True
0000199_01269_d_0000166.jpg,/data/raja/Datasets/VisDrone/VisDrone2019-DET-val/images/0000199_01269_d_0000166.jpg,awning-tricycle,1,1,1,True
0000213_02500_d_0000240.jpg,/data/raja/Datasets/VisDrone/VisDrone2019-DET-val/images/0000213_02500_d_0000240.jpg,car,7,4 or more,4 or more,True
0000213_02965_d_0000241.jpg,/data/raja/Datasets/VisDrone/VisDrone2019-DET-val/images/0000213_02965_d_0000241.jpg,pedestrian,1,1,1,True
0000213_03478_d_0000242.jpg,/data/raja/Datasets/VisDrone/VisDrone2019-DET-val/images/0000213_03478_d_0000242.jpg,tricycle,2,2,2,True
0000213_03920_d_0000243.jpg,/data/raja/Datasets/VisDrone/VisDrone2019-DET-val/images/0000213_03920_d_0000243.jpg,bicycle,3,3,3,True
0000213_04405_d_0000244.jpg,/data/raja/Datasets/VisDrone/VisDrone2019-DET-val/images/0000213_04405_d_0000244.jpg,bicycle,1,1,1,True
0000213_04998_d_0000245.jpg,/data/raja/Datasets/VisDrone/VisDrone2019-DET-val/images/0000213_04998_d_0000245.jpg,tricycle,4,4 or more,4 or more,True
0000213_05340_d_0000246.jpg,/data/raja/Datasets/VisDrone/VisDrone2019-DET-val/images/0000213_05340_d_0000246.jpg,truck,1,1,1,True
0000213_05745_d_0000247.jpg,/data/raja/Datasets/VisDrone/VisDrone2019-DET-val/images/0000213_05745_d_0000247.jpg,tricycle,3,3,3,True
0000215_00000_d_0000256.jpg,/data/raja/Datasets/VisDrone/VisDrone2019-DET-val/images/0000215_00000_d_0000256.jpg,tricycle,2,2,2,True
0000215_00447_d_0000257.jpg,/data/raja/Datasets/VisDrone/VisDrone2019-DET-val/images/0000215_00447_d_0000257.jpg,van,5,4 or more,4 or more,True
0000215_00909_d_0000258.jpg,/data/raja/Datasets/VisDrone/VisDrone2019-DET-val/images/0000215_00909_d_0000258.jpg,van,7,4 or more,4 or more,True
0000215_01395_d_0000259.jpg,/data/raja/Datasets/VisDrone/VisDrone2019-DET-val/images/0000215_01395_d_0000259.jpg,tricycle,2,2,2,True
0000215_01869_d_0000260.jpg,/data/raja/Datasets/VisDrone/VisDrone2019-DET-val/images/0000215_01869_d_0000260.jpg,van,2,2,2,True
0000215_02319_d_0000261.jpg,/data/raja/Datasets/VisDrone/VisDrone2019-DET-val/images/0000215_02319_d_0000261.jpg,awning-tricycle,5,4 or more,4 or more,True
0000215_02667_d_0000262.jpg,/data/raja/Datasets/VisDrone/VisDrone2019-DET-val/images/0000215_02667_d_0000262.jpg,bicycle,1,1,1,True
0000215_02932_d_0000263.jpg,/data/raja/Datasets/VisDrone/VisDrone2019-DET-val/images/0000215_02932_d_0000263.jpg,van,4,4 or more,4 or more,True
0000215_03226_d_0000264.jpg,/data/raja/Datasets/VisDrone/VisDrone2019-DET-val/images/0000215_03226_d_0000264.jpg,van,1,1,1,True
0000216_00520_d_0000001.jpg,/data/raja/Datasets/VisDrone/VisDrone2019-DET-val/images/0000216_00520_d_0000001.jpg,car,24,4 or more,4 or more,True
0000220_01242_d_0000004.jpg,/data/raja/Datasets/VisDrone/VisDrone2019-DET-val/images/0000220_01242_d_0000004.jpg,bus,1,1,1,True
0000223_01802_d_0000005.jpg,/data/raja/Datasets/VisDrone/VisDrone2019-DET-val/images/0000223_01802_d_0000005.jpg,car,7,4 or more,4 or more,True
0000237_00001_d_0000001.jpg,/data/raja/Datasets/VisDrone/VisDrone2019-DET-val/images/0000237_00001_d_0000001.jpg,motor,1,1,1,True
0000242_00001_d_0000001.jpg,/data/raja/Datasets/VisDrone/VisDrone2019-DET-val/images/0000242_00001_d_0000001.jpg,truck,2,2,2,True
0000242_00500_d_0000002.jpg,/data/raja/Datasets/VisDrone/VisDrone2019-DET-val/images/0000242_00500_d_0000002.jpg,car,8,4 or more,4 or more,True
0000242_00627_d_0000003.jpg,/data/raja/Datasets/VisDrone/VisDrone2019-DET-val/images/0000242_00627_d_0000003.jpg,truck,1,1,1,True
0000242_00843_d_0000004.jpg,/data/raja/Datasets/VisDrone/VisDrone2019-DET-val/images/0000242_00843_d_0000004.jpg,car,2,2,2,True
0000242_00963_d_0000005.jpg,/data/raja/Datasets/VisDrone/VisDrone2019-DET-val/images/0000242_00963_d_0000005.jpg,pedestrian,1,1,1,True
0000242_01139_d_0000006.jpg,/data/raja/Datasets/VisDrone/VisDrone2019-DET-val/images/0000242_01139_d_0000006.jpg,motor,2,2,2,True
0000242_01475_d_0000007.jpg,/data/raja/Datasets/VisDrone/VisDrone2019-DET-val/images/0000242_01475_d_0000007.jpg,tricycle,1,1,1,True
0000242_01912_d_0000008.jpg,/data/raja/Datasets/VisDrone/VisDrone2019-DET-val/images/0000242_01912_d_0000008.jpg,car,4,4 or more,4 or more,True
0000242_02400_d_0000009.jpg,/data/raja/Datasets/VisDrone/VisDrone2019-DET-val/images/0000242_02400_d_0000009.jpg,motor,1,1,1,True
0000242_02762_d_0000010.jpg,/data/raja/Datasets/VisDrone/VisDrone2019-DET-val/images/0000242_02762_d_0000010.jpg,car,18,4 or more,4 or more,True
0000242_03199_d_0000011.jpg,/data/raja/Datasets/VisDrone/VisDrone2019-DET-val/images/0000242_03199_d_0000011.jpg,car,3,3,3,True
0000242_03668_d_0000012.jpg,/data/raja/Datasets/VisDrone/VisDrone2019-DET-val/images/0000242_03668_d_0000012.jpg,van,1,1,1,True
0000242_04116_d_0000013.jpg,/data/raja/Datasets/VisDrone/VisDrone2019-DET-val/images/0000242_04116_d_0000013.jpg,awning-tricycle,1,1,1,True
0000242_04600_d_0000014.jpg,/data/raja/Datasets/VisDrone/VisDrone2019-DET-val/images/0000242_04600_d_0000014.jpg,awning-tricycle,1,1,1,True
0000242_05059_d_0000015.jpg,/data/raja/Datasets/VisDrone/VisDrone2019-DET-val/images/0000242_05059_d_0000015.jpg,motor,2,2,2,True
0000242_05570_d_0000016.jpg,/data/raja/Datasets/VisDrone/VisDrone2019-DET-val/images/0000242_05570_d_0000016.jpg,car,5,4 or more,4 or more,True
0000242_06010_d_0000017.jpg,/data/raja/Datasets/VisDrone/VisDrone2019-DET-val/images/0000242_06010_d_0000017.jpg,car,2,2,2,True
0000242_06452_d_0000018.jpg,/data/raja/Datasets/VisDrone/VisDrone2019-DET-val/images/0000242_06452_d_0000018.jpg,bus,1,1,1,True
0000244_00001_d_0000001.jpg,/data/raja/Datasets/VisDrone/VisDrone2019-DET-val/images/0000244_00001_d_0000001.jpg,van,1,1,1,True
0000244_00500_d_0000002.jpg,/data/raja/Datasets/VisDrone/VisDrone2019-DET-val/images/0000244_00500_d_0000002.jpg,awning-tricycle,5,4 or more,4 or more,True
0000244_01000_d_0000003.jpg,/data/raja/Datasets/VisDrone/VisDrone2019-DET-val/images/0000244_01000_d_0000003.jpg,car,10,4 or more,4 or more,True
0000244_01500_d_0000004.jpg,/data/raja/Datasets/VisDrone/VisDrone2019-DET-val/images/0000244_01500_d_0000004.jpg,bus,1,1,1,True
0000244_02000_d_0000005.jpg,/data/raja/Datasets/VisDrone/VisDrone2019-DET-val/images/0000244_02000_d_0000005.jpg,van,4,4 or more,4 or more,True
0000244_02500_d_0000006.jpg,/data/raja/Datasets/VisDrone/VisDrone2019-DET-val/images/0000244_02500_d_0000006.jpg,van,5,4 or more,4 or more,True
0000244_03000_d_0000007.jpg,/data/raja/Datasets/VisDrone/VisDrone2019-DET-val/images/0000244_03000_d_0000007.jpg,bus,1,1,1,True
0000244_03500_d_0000008.jpg,/data/raja/Datasets/VisDrone/VisDrone2019-DET-val/images/0000244_03500_d_0000008.jpg,awning-tricycle,2,2,2,True
0000244_04000_d_0000009.jpg,/data/raja/Datasets/VisDrone/VisDrone2019-DET-val/images/0000244_04000_d_0000009.jpg,motor,1,1,1,True
0000244_04400_d_0000010.jpg,/data/raja/Datasets/VisDrone/VisDrone2019-DET-val/images/0000244_04400_d_0000010.jpg,truck,5,4 or more,4 or more,True
0000244_04900_d_0000011.jpg,/data/raja/Datasets/VisDrone/VisDrone2019-DET-val/images/0000244_04900_d_0000011.jpg,truck,7,4 or more,4 or more,True
0000244_05400_d_0000012.jpg,/data/raja/Datasets/VisDrone/VisDrone2019-DET-val/images/0000244_05400_d_0000012.jpg,tricycle,2,2,2,True
0000244_05900_d_0000013.jpg,/data/raja/Datasets/VisDrone/VisDrone2019-DET-val/images/0000244_05900_d_0000013.jpg,car,5,4 or more,4 or more,True
0000244_06388_d_0000014.jpg,/data/raja/Datasets/VisDrone/VisDrone2019-DET-val/images/0000244_06388_d_0000014.jpg,car,1,1,1,True
0000249_00001_d_0000001.jpg,/data/raja/Datasets/VisDrone/VisDrone2019-DET-val/images/0000249_00001_d_0000001.jpg,awning-tricycle,1,1,1,True
0000249_00235_d_0000002.jpg,/data/raja/Datasets/VisDrone/VisDrone2019-DET-val/images/0000249_00235_d_0000002.jpg,car,10,4 or more,4 or more,True
0000249_00603_d_0000003.jpg,/data/raja/Datasets/VisDrone/VisDrone2019-DET-val/images/0000249_00603_d_0000003.jpg,van,3,3,3,True
0000249_01100_d_0000004.jpg,/data/raja/Datasets/VisDrone/VisDrone2019-DET-val/images/0000249_01100_d_0000004.jpg,car,5,4 or more,4 or more,True
0000249_01514_d_0000005.jpg,/data/raja/Datasets/VisDrone/VisDrone2019-DET-val/images/0000249_01514_d_0000005.jpg,truck,1,1,1,True
0000249_01635_d_0000006.jpg,/data/raja/Datasets/VisDrone/VisDrone2019-DET-val/images/0000249_01635_d_0000006.jpg,tricycle,1,1,1,True
0000249_02073_d_0000007.jpg,/data/raja/Datasets/VisDrone/VisDrone2019-DET-val/images/0000249_02073_d_0000007.jpg,truck,1,1,1,True
0000249_02468_d_0000008.jpg,/data/raja/Datasets/VisDrone/VisDrone2019-DET-val/images/0000249_02468_d_0000008.jpg,tricycle,1,1,1,True
0000249_02900_d_0000009.jpg,/data/raja/Datasets/VisDrone/VisDrone2019-DET-val/images/0000249_02900_d_0000009.jpg,van,1,1,1,True
0000249_03400_d_0000010.jpg,/data/raja/Datasets/VisDrone/VisDrone2019-DET-val/images/0000249_03400_d_0000010.jpg,car,19,4 or more,4 or more,True
0000249_03900_d_0000011.jpg,/data/raja/Datasets/VisDrone/VisDrone2019-DET-val/images/0000249_03900_d_0000011.jpg,truck,2,2,2,True
0000253_00001_d_0000001.jpg,/data/raja/Datasets/VisDrone/VisDrone2019-DET-val/images/0000253_00001_d_0000001.jpg,bus,1,1,1,True
0000256_00715_d_0000019.jpg,/data/raja/Datasets/VisDrone/VisDrone2019-DET-val/images/0000256_00715_d_0000019.jpg,bus,3,3,3,True
0000256_02173_d_0000030.jpg,/data/raja/Datasets/VisDrone/VisDrone2019-DET-val/images/0000256_02173_d_0000030.jpg,car,6,4 or more,4 or more,True
0000263_02401_d_0000179.jpg,/data/raja/Datasets/VisDrone/VisDrone2019-DET-val/images/0000263_02401_d_0000179.jpg,car,9,4 or more,4 or more,True
0000269_00001_d_0000348.jpg,/data/raja/Datasets/VisDrone/VisDrone2019-DET-val/images/0000269_00001_d_0000348.jpg,tricycle,1,1,1,True
0000269_00201_d_0000349.jpg,/data/raja/Datasets/VisDrone/VisDrone2019-DET-val/images/0000269_00201_d_0000349.jpg,van,1,1,1,True
0000269_00601_d_0000351.jpg,/data/raja/Datasets/VisDrone/VisDrone2019-DET-val/images/0000269_00601_d_0000351.jpg,motor,1,1,1,True
0000271_00001_d_0000374.jpg,/data/raja/Datasets/VisDrone/VisDrone2019-DET-val/images/0000271_00001_d_0000374.jpg,awning-tricycle,1,1,1,True
0000271_00201_d_0000375.jpg,/data/raja/Datasets/VisDrone/VisDrone2019-DET-val/images/0000271_00201_d_0000375.jpg,awning-tricycle,3,3,3,True
0000271_00401_d_0000376.jpg,/data/raja/Datasets/VisDrone/VisDrone2019-DET-val/images/0000271_00401_d_0000376.jpg,truck,4,4 or more,4 or more,True
0000271_00601_d_0000377.jpg,/data/raja/Datasets/VisDrone/VisDrone2019-DET-val/images/0000271_00601_d_0000377.jpg,pedestrian,1,1,1,True
0000271_00801_d_0000378.jpg,/data/raja/Datasets/VisDrone/VisDrone2019-DET-val/images/0000271_00801_d_0000378.jpg,car,7,4 or more,4 or more,True
0000271_01201_d_0000379.jpg,/data/raja/Datasets/VisDrone/VisDrone2019-DET-val/images/0000271_01201_d_0000379.jpg,bicycle,1,1,1,True
0000271_01401_d_0000380.jpg,/data/raja/Datasets/VisDrone/VisDrone2019-DET-val/images/0000271_01401_d_0000380.jpg,van,2,2,2,True
0000271_01601_d_0000381.jpg,/data/raja/Datasets/VisDrone/VisDrone2019-DET-val/images/0000271_01601_d_0000381.jpg,car,6,4 or more,4 or more,True
0000271_02401_d_0000385.jpg,/data/raja/Datasets/VisDrone/VisDrone2019-DET-val/images/0000271_02401_d_0000385.jpg,motor,2,2,2,True
0000271_02601_d_0000386.jpg,/data/raja/Datasets/VisDrone/VisDrone2019-DET-val/images/0000271_02601_d_0000386.jpg,truck,4,4 or more,4 or more,True
0000271_03001_d_0000387.jpg,/data/raja/Datasets/VisDrone/VisDrone2019-DET-val/images/0000271_03001_d_0000387.jpg,van,1,1,1,True
0000271_03801_d_0000391.jpg,/data/raja/Datasets/VisDrone/VisDrone2019-DET-val/images/0000271_03801_d_0000391.jpg,van,2,2,2,True
0000271_04401_d_0000394.jpg,/data/raja/Datasets/VisDrone/VisDrone2019-DET-val/images/0000271_04401_d_0000394.jpg,truck,5,4 or more,4 or more,True
0000271_04801_d_0000396.jpg,/data/raja/Datasets/VisDrone/VisDrone2019-DET-val/images/0000271_04801_d_0000396.jpg,motor,1,1,1,True
0000271_05001_d_0000397.jpg,/data/raja/Datasets/VisDrone/VisDrone2019-DET-val/images/0000271_05001_d_0000397.jpg,car,4,4 or more,4 or more,True
0000271_05201_d_0000398.jpg,/data/raja/Datasets/VisDrone/VisDrone2019-DET-val/images/0000271_05201_d_0000398.jpg,pedestrian,2,2,2,True
0000271_05401_d_0000399.jpg,/data/raja/Datasets/VisDrone/VisDrone2019-DET-val/images/0000271_05401_d_0000399.jpg,van,2,2,2,True
0000271_05601_d_0000400.jpg,/data/raja/Datasets/VisDrone/VisDrone2019-DET-val/images/0000271_05601_d_0000400.jpg,truck,1,1,1,True
0000271_05801_d_0000401.jpg,/data/raja/Datasets/VisDrone/VisDrone2019-DET-val/images/0000271_05801_d_0000401.jpg,truck,1,1,1,True
0000271_06001_d_0000402.jpg,/data/raja/Datasets/VisDrone/VisDrone2019-DET-val/images/0000271_06001_d_0000402.jpg,tricycle,1,1,1,True
0000271_06201_d_0000403.jpg,/data/raja/Datasets/VisDrone/VisDrone2019-DET-val/images/0000271_06201_d_0000403.jpg,motor,11,4 or more,4 or more,True
0000271_06401_d_0000404.jpg,/data/raja/Datasets/VisDrone/VisDrone2019-DET-val/images/0000271_06401_d_0000404.jpg,bicycle,1,1,1,True
0000271_06601_d_0000405.jpg,/data/raja/Datasets/VisDrone/VisDrone2019-DET-val/images/0000271_06601_d_0000405.jpg,pedestrian,1,1,1,True
0000271_06801_d_0000406.jpg,/data/raja/Datasets/VisDrone/VisDrone2019-DET-val/images/0000271_06801_d_0000406.jpg,van,2,2,2,True
0000271_07001_d_0000407.jpg,/data/raja/Datasets/VisDrone/VisDrone2019-DET-val/images/0000271_07001_d_0000407.jpg,tricycle,1,1,1,True
0000271_07201_d_0000408.jpg,/data/raja/Datasets/VisDrone/VisDrone2019-DET-val/images/0000271_07201_d_0000408.jpg,bicycle,1,1,1,True
0000271_07401_d_0000409.jpg,/data/raja/Datasets/VisDrone/VisDrone2019-DET-val/images/0000271_07401_d_0000409.jpg,motor,1,1,1,True
0000273_05601_d_0000466.jpg,/data/raja/Datasets/VisDrone/VisDrone2019-DET-val/images/0000273_05601_d_0000466.jpg,truck,7,4 or more,4 or more,True
0000276_00001_d_0000507.jpg,/data/raja/Datasets/VisDrone/VisDrone2019-DET-val/images/0000276_00001_d_0000507.jpg,car,5,4 or more,4 or more,True
0000276_00401_d_0000509.jpg,/data/raja/Datasets/VisDrone/VisDrone2019-DET-val/images/0000276_00401_d_0000509.jpg,tricycle,1,1,1,True
0000276_00601_d_0000510.jpg,/data/raja/Datasets/VisDrone/VisDrone2019-DET-val/images/0000276_00601_d_0000510.jpg,awning-tricycle,1,1,1,True
0000276_01001_d_0000512.jpg,/data/raja/Datasets/VisDrone/VisDrone2019-DET-val/images/0000276_01001_d_0000512.jpg,van,1,1,1,True
0000276_01201_d_0000513.jpg,/data/raja/Datasets/VisDrone/VisDrone2019-DET-val/images/0000276_01201_d_0000513.jpg,car,4,4 or more,4 or more,True
0000276_01401_d_0000514.jpg,/data/raja/Datasets/VisDrone/VisDrone2019-DET-val/images/0000276_01401_d_0000514.jpg,van,1,1,1,True
0000276_01801_d_0000516.jpg,/data/raja/Datasets/VisDrone/VisDrone2019-DET-val/images/0000276_01801_d_0000516.jpg,truck,2,2,2,True
0000276_02201_d_0000518.jpg,/data/raja/Datasets/VisDrone/VisDrone2019-DET-val/images/0000276_02201_d_0000518.jpg,car,2,2,2,True
0000276_02401_d_0000519.jpg,/data/raja/Datasets/VisDrone/VisDrone2019-DET-val/images/0000276_02401_d_0000519.jpg,car,1,1,1,True
0000276_02601_d_0000520.jpg,/data/raja/Datasets/VisDrone/VisDrone2019-DET-val/images/0000276_02601_d_0000520.jpg,truck,4,4 or more,4 or more,True
0000276_02801_d_0000521.jpg,/data/raja/Datasets/VisDrone/VisDrone2019-DET-val/images/0000276_02801_d_0000521.jpg,truck,3,3,3,True
0000276_03001_d_0000522.jpg,/data/raja/Datasets/VisDrone/VisDrone2019-DET-val/images/0000276_03001_d_0000522.jpg,car,5,4 or more,4 or more,True
0000276_03201_d_0000523.jpg,/data/raja/Datasets/VisDrone/VisDrone2019-DET-val/images/0000276_03201_d_0000523.jpg,car,3,3,3,True
0000276_03401_d_0000524.jpg,/data/raja/Datasets/VisDrone/VisDrone2019-DET-val/images/0000276_03401_d_0000524.jpg,car,5,4 or more,4 or more,True
0000276_03601_d_0000525.jpg,/data/raja/Datasets/VisDrone/VisDrone2019-DET-val/images/0000276_03601_d_0000525.jpg,van,1,1,1,True
0000276_03801_d_0000526.jpg,/data/raja/Datasets/VisDrone/VisDrone2019-DET-val/images/0000276_03801_d_0000526.jpg,truck,8,4 or more,4 or more,True
0000276_04001_d_0000527.jpg,/data/raja/Datasets/VisDrone/VisDrone2019-DET-val/images/0000276_04001_d_0000527.jpg,bus,1,1,1,True
0000276_04201_d_0000528.jpg,/data/raja/Datasets/VisDrone/VisDrone2019-DET-val/images/0000276_04201_d_0000528.jpg,truck,10,4 or more,4 or more,True
0000276_04401_d_0000529.jpg,/data/raja/Datasets/VisDrone/VisDrone2019-DET-val/images/0000276_04401_d_0000529.jpg,truck,6,4 or more,4 or more,True
0000276_04601_d_0000530.jpg,/data/raja/Datasets/VisDrone/VisDrone2019-DET-val/images/0000276_04601_d_0000530.jpg,truck,1,1,1,True
0000276_04801_d_0000531.jpg,/data/raja/Datasets/VisDrone/VisDrone2019-DET-val/images/0000276_04801_d_0000531.jpg,truck,3,3,3,True
0000276_05001_d_0000532.jpg,/data/raja/Datasets/VisDrone/VisDrone2019-DET-val/images/0000276_05001_d_0000532.jpg,car,2,2,2,True
0000276_05201_d_0000533.jpg,/data/raja/Datasets/VisDrone/VisDrone2019-DET-val/images/0000276_05201_d_0000533.jpg,car,3,3,3,True
0000276_06001_d_0000537.jpg,/data/raja/Datasets/VisDrone/VisDrone2019-DET-val/images/0000276_06001_d_0000537.jpg,truck,1,1,1,True
0000277_00001_d_0000539.jpg,/data/raja/Datasets/VisDrone/VisDrone2019-DET-val/images/0000277_00001_d_0000539.jpg,motor,1,1,1,True
0000277_00201_d_0000540.jpg,/data/raja/Datasets/VisDrone/VisDrone2019-DET-val/images/0000277_00201_d_0000540.jpg,car,28,4 or more,4 or more,True
0000277_00401_d_0000541.jpg,/data/raja/Datasets/VisDrone/VisDrone2019-DET-val/images/0000277_00401_d_0000541.jpg,van,3,3,3,True
0000277_01401_d_0000546.jpg,/data/raja/Datasets/VisDrone/VisDrone2019-DET-val/images/0000277_01401_d_0000546.jpg,people,2,2,2,True
0000277_01601_d_0000547.jpg,/data/raja/Datasets/VisDrone/VisDrone2019-DET-val/images/0000277_01601_d_0000547.jpg,motor,2,2,2,True
0000277_01801_d_0000548.jpg,/data/raja/Datasets/VisDrone/VisDrone2019-DET-val/images/0000277_01801_d_0000548.jpg,truck,2,2,2,True
0000277_02001_d_0000549.jpg,/data/raja/Datasets/VisDrone/VisDrone2019-DET-val/images/0000277_02001_d_0000549.jpg,van,5,4 or more,4 or more,True
0000277_02201_d_0000550.jpg,/data/raja/Datasets/VisDrone/VisDrone2019-DET-val/images/0000277_02201_d_0000550.jpg,car,28,4 or more,4 or more,True
0000277_02401_d_0000551.jpg,/data/raja/Datasets/VisDrone/VisDrone2019-DET-val/images/0000277_02401_d_0000551.jpg,pedestrian,1,1,1,True
0000277_02601_d_0000552.jpg,/data/raja/Datasets/VisDrone/VisDrone2019-DET-val/images/0000277_02601_d_0000552.jpg,van,2,2,2,True
0000277_03201_d_0000554.jpg,/data/raja/Datasets/VisDrone/VisDrone2019-DET-val/images/0000277_03201_d_0000554.jpg,car,23,4 or more,4 or more,True
0000277_03401_d_0000555.jpg,/data/raja/Datasets/VisDrone/VisDrone2019-DET-val/images/0000277_03401_d_0000555.jpg,people,3,3,3,True
0000277_03601_d_0000556.jpg,/data/raja/Datasets/VisDrone/VisDrone2019-DET-val/images/0000277_03601_d_0000556.jpg,tricycle,1,1,1,True
0000277_04001_d_0000558.jpg,/data/raja/Datasets/VisDrone/VisDrone2019-DET-val/images/0000277_04001_d_0000558.jpg,pedestrian,3,3,3,True
0000277_04201_d_0000559.jpg,/data/raja/Datasets/VisDrone/VisDrone2019-DET-val/images/0000277_04201_d_0000559.jpg,pedestrian,2,2,2,True
0000277_04401_d_0000560.jpg,/data/raja/Datasets/VisDrone/VisDrone2019-DET-val/images/0000277_04401_d_0000560.jpg,truck,1,1,1,True
0000277_04601_d_0000561.jpg,/data/raja/Datasets/VisDrone/VisDrone2019-DET-val/images/0000277_04601_d_0000561.jpg,car,28,4 or more,4 or more,True
0000277_05001_d_0000562.jpg,/data/raja/Datasets/VisDrone/VisDrone2019-DET-val/images/0000277_05001_d_0000562.jpg,van,1,1,1,True
0000280_00001_d_0000612.jpg,/data/raja/Datasets/VisDrone/VisDrone2019-DET-val/images/0000280_00001_d_0000612.jpg,tricycle,1,1,1,True
0000280_00201_d_0000613.jpg,/data/raja/Datasets/VisDrone/VisDrone2019-DET-val/images/0000280_00201_d_0000613.jpg,bicycle,1,1,1,True
0000280_00401_d_0000614.jpg,/data/raja/Datasets/VisDrone/VisDrone2019-DET-val/images/0000280_00401_d_0000614.jpg,pedestrian,2,2,2,True
0000280_00601_d_0000615.jpg,/data/raja/Datasets/VisDrone/VisDrone2019-DET-val/images/0000280_00601_d_0000615.jpg,tricycle,1,1,1,True
0000280_00801_d_0000616.jpg,/data/raja/Datasets/VisDrone/VisDrone2019-DET-val/images/0000280_00801_d_0000616.jpg,people,4,4 or more,4 or more,True
0000280_01001_d_0000617.jpg,/data/raja/Datasets/VisDrone/VisDrone2019-DET-val/images/0000280_01001_d_0000617.jpg,pedestrian,1,1,1,True
0000280_01201_d_0000618.jpg,/data/raja/Datasets/VisDrone/VisDrone2019-DET-val/images/0000280_01201_d_0000618.jpg,van,2,2,2,True
0000280_01401_d_0000619.jpg,/data/raja/Datasets/VisDrone/VisDrone2019-DET-val/images/0000280_01401_d_0000619.jpg,pedestrian,5,4 or more,4 or more,True
0000280_01601_d_0000620.jpg,/data/raja/Datasets/VisDrone/VisDrone2019-DET-val/images/0000280_01601_d_0000620.jpg,people,1,1,1,True
0000280_01801_d_0000621.jpg,/data/raja/Datasets/VisDrone/VisDrone2019-DET-val/images/0000280_01801_d_0000621.jpg,car,17,4 or more,4 or more,True
0000280_02001_d_0000622.jpg,/data/raja/Datasets/VisDrone/VisDrone2019-DET-val/images/0000280_02001_d_0000622.jpg,bicycle,1,1,1,True
0000280_02201_d_0000623.jpg,/data/raja/Datasets/VisDrone/VisDrone2019-DET-val/images/0000280_02201_d_0000623.jpg,van,1,1,1,True
0000280_02401_d_0000624.jpg,/data/raja/Datasets/VisDrone/VisDrone2019-DET-val/images/0000280_02401_d_0000624.jpg,car,13,4 or more,4 or more,True
0000280_02601_d_0000625.jpg,/data/raja/Datasets/VisDrone/VisDrone2019-DET-val/images/0000280_02601_d_0000625.jpg,van,1,1,1,True
0000280_02801_d_0000626.jpg,/data/raja/Datasets/VisDrone/VisDrone2019-DET-val/images/0000280_02801_d_0000626.jpg,motor,2,2,2,True
0000280_03001_d_0000627.jpg,/data/raja/Datasets/VisDrone/VisDrone2019-DET-val/images/0000280_03001_d_0000627.jpg,van,6,4 or more,4 or more,True
0000280_03201_d_0000628.jpg,/data/raja/Datasets/VisDrone/VisDrone2019-DET-val/images/0000280_03201_d_0000628.jpg,bus,1,1,1,True
0000280_03401_d_0000629.jpg,/data/raja/Datasets/VisDrone/VisDrone2019-DET-val/images/0000280_03401_d_0000629.jpg,motor,1,1,1,True
0000283_00401_d_0000676.jpg,/data/raja/Datasets/VisDrone/VisDrone2019-DET-val/images/0000283_00401_d_0000676.jpg,car,3,3,3,True
0000283_00601_d_0000677.jpg,/data/raja/Datasets/VisDrone/VisDrone2019-DET-val/images/0000283_00601_d_0000677.jpg,truck,1,1,1,True
0000283_00801_d_0000678.jpg,/data/raja/Datasets/VisDrone/VisDrone2019-DET-val/images/0000283_00801_d_0000678.jpg,car,1,1,1,True
0000283_01001_d_0000679.jpg,/data/raja/Datasets/VisDrone/VisDrone2019-DET-val/images/0000283_01001_d_0000679.jpg,car,1,1,1,True
0000287_00001_d_0000759.jpg,/data/raja/Datasets/VisDrone/VisDrone2019-DET-val/images/0000287_00001_d_0000759.jpg,truck,1,1,1,True
0000287_00201_d_0000760.jpg,/data/raja/Datasets/VisDrone/VisDrone2019-DET-val/images/0000287_00201_d_0000760.jpg,motor,5,4 or more,4 or more,True
0000287_00401_d_0000761.jpg,/data/raja/Datasets/VisDrone/VisDrone2019-DET-val/images/0000287_00401_d_0000761.jpg,van,1,1,1,True
0000287_00601_d_0000762.jpg,/data/raja/Datasets/VisDrone/VisDrone2019-DET-val/images/0000287_00601_d_0000762.jpg,motor,1,1,1,True
0000287_00801_d_0000763.jpg,/data/raja/Datasets/VisDrone/VisDrone2019-DET-val/images/0000287_00801_d_0000763.jpg,awning-tricycle,1,1,1,True
0000287_01001_d_0000764.jpg,/data/raja/Datasets/VisDrone/VisDrone2019-DET-val/images/0000287_01001_d_0000764.jpg,tricycle,2,2,2,True
0000287_01201_d_0000765.jpg,/data/raja/Datasets/VisDrone/VisDrone2019-DET-val/images/0000287_01201_d_0000765.jpg,van,3,3,3,True
0000287_01401_d_0000766.jpg,/data/raja/Datasets/VisDrone/VisDrone2019-DET-val/images/0000287_01401_d_0000766.jpg,car,11,4 or more,4 or more,True
0000287_01601_d_0000767.jpg,/data/raja/Datasets/VisDrone/VisDrone2019-DET-val/images/0000287_01601_d_0000767.jpg,van,3,3,3,True
0000287_01801_d_0000768.jpg,/data/raja/Datasets/VisDrone/VisDrone2019-DET-val/images/0000287_01801_d_0000768.jpg,motor,1,1,1,True
0000287_02001_d_0000769.jpg,/data/raja/Datasets/VisDrone/VisDrone2019-DET-val/images/0000287_02001_d_0000769.jpg,van,2,2,2,True
0000287_02201_d_0000770.jpg,/data/raja/Datasets/VisDrone/VisDrone2019-DET-val/images/0000287_02201_d_0000770.jpg,car,11,4 or more,4 or more,True
0000287_02401_d_0000771.jpg,/data/raja/Datasets/VisDrone/VisDrone2019-DET-val/images/0000287_02401_d_0000771.jpg,van,1,1,1,True
0000287_02601_d_0000772.jpg,/data/raja/Datasets/VisDrone/VisDrone2019-DET-val/images/0000287_02601_d_0000772.jpg,awning-tricycle,1,1,1,True
0000287_02801_d_0000773.jpg,/data/raja/Datasets/VisDrone/VisDrone2019-DET-val/images/0000287_02801_d_0000773.jpg,truck,1,1,1,True
0000287_03001_d_0000774.jpg,/data/raja/Datasets/VisDrone/VisDrone2019-DET-val/images/0000287_03001_d_0000774.jpg,van,2,2,2,True
0000287_03401_d_0000776.jpg,/data/raja/Datasets/VisDrone/VisDrone2019-DET-val/images/0000287_03401_d_0000776.jpg,truck,1,1,1,True
0000287_04601_d_0000780.jpg,/data/raja/Datasets/VisDrone/VisDrone2019-DET-val/images/0000287_04601_d_0000780.jpg,van,2,2,2,True
0000287_04801_d_0000781.jpg,/data/raja/Datasets/VisDrone/VisDrone2019-DET-val/images/0000287_04801_d_0000781.jpg,truck,1,1,1,True
0000287_05001_d_0000782.jpg,/data/raja/Datasets/VisDrone/VisDrone2019-DET-val/images/0000287_05001_d_0000782.jpg,van,2,2,2,True
0000289_00001_d_0000811.jpg,/data/raja/Datasets/VisDrone/VisDrone2019-DET-val/images/0000289_00001_d_0000811.jpg,car,15,4 or more,4 or more,True
0000289_00201_d_0000812.jpg,/data/raja/Datasets/VisDrone/VisDrone2019-DET-val/images/0000289_00201_d_0000812.jpg,motor,3,3,3,True
0000289_00401_d_0000813.jpg,/data/raja/Datasets/VisDrone/VisDrone2019-DET-val/images/0000289_00401_d_0000813.jpg,bicycle,3,3,3,True
0000289_00601_d_0000814.jpg,/data/raja/Datasets/VisDrone/VisDrone2019-DET-val/images/0000289_00601_d_0000814.jpg,motor,3,3,3,True
0000289_00801_d_0000815.jpg,/data/raja/Datasets/VisDrone/VisDrone2019-DET-val/images/0000289_00801_d_0000815.jpg,awning-tricycle,1,1,1,True
0000289_01001_d_0000816.jpg,/data/raja/Datasets/VisDrone/VisDrone2019-DET-val/images/0000289_01001_d_0000816.jpg,tricycle,1,1,1,True
0000289_01201_d_0000817.jpg,/data/raja/Datasets/VisDrone/VisDrone2019-DET-val/images/0000289_01201_d_0000817.jpg,awning-tricycle,3,3,3,True
0000289_01401_d_0000818.jpg,/data/raja/Datasets/VisDrone/VisDrone2019-DET-val/images/0000289_01401_d_0000818.jpg,van,2,2,2,True
0000289_01601_d_0000819.jpg,/data/raja/Datasets/VisDrone/VisDrone2019-DET-val/images/0000289_01601_d_0000819.jpg,van,1,1,1,True
0000289_02001_d_0000821.jpg,/data/raja/Datasets/VisDrone/VisDrone2019-DET-val/images/0000289_02001_d_0000821.jpg,bicycle,2,2,2,True
0000289_02201_d_0000822.jpg,/data/raja/Datasets/VisDrone/VisDrone2019-DET-val/images/0000289_02201_d_0000822.jpg,car,13,4 or more,4 or more,True
0000289_02401_d_0000823.jpg,/data/raja/Datasets/VisDrone/VisDrone2019-DET-val/images/0000289_02401_d_0000823.jpg,car,15,4 or more,4 or more,True
0000289_02601_d_0000824.jpg,/data/raja/Datasets/VisDrone/VisDrone2019-DET-val/images/0000289_02601_d_0000824.jpg,motor,1,1,1,True
0000289_03001_d_0000826.jpg,/data/raja/Datasets/VisDrone/VisDrone2019-DET-val/images/0000289_03001_d_0000826.jpg,motor,3,3,3,True
0000289_03201_d_0000827.jpg,/data/raja/Datasets/VisDrone/VisDrone2019-DET-val/images/0000289_03201_d_0000827.jpg,motor,11,4 or more,4 or more,True
0000289_03401_d_0000828.jpg,/data/raja/Datasets/VisDrone/VisDrone2019-DET-val/images/0000289_03401_d_0000828.jpg,motor,4,4 or more,4 or more,True
0000289_03601_d_0000829.jpg,/data/raja/Datasets/VisDrone/VisDrone2019-DET-val/images/0000289_03601_d_0000829.jpg,car,14,4 or more,4 or more,True
0000289_03801_d_0000830.jpg,/data/raja/Datasets/VisDrone/VisDrone2019-DET-val/images/0000289_03801_d_0000830.jpg,car,11,4 or more,4 or more,True
0000289_04001_d_0000831.jpg,/data/raja/Datasets/VisDrone/VisDrone2019-DET-val/images/0000289_04001_d_0000831.jpg,van,3,3,3,True
0000289_04201_d_0000832.jpg,/data/raja/Datasets/VisDrone/VisDrone2019-DET-val/images/0000289_04201_d_0000832.jpg,people,1,1,1,True
0000289_04401_d_0000833.jpg,/data/raja/Datasets/VisDrone/VisDrone2019-DET-val/images/0000289_04401_d_0000833.jpg,car,10,4 or more,4 or more,True
0000289_04601_d_0000834.jpg,/data/raja/Datasets/VisDrone/VisDrone2019-DET-val/images/0000289_04601_d_0000834.jpg,awning-tricycle,1,1,1,True
0000289_04801_d_0000835.jpg,/data/raja/Datasets/VisDrone/VisDrone2019-DET-val/images/0000289_04801_d_0000835.jpg,pedestrian,10,4 or more,4 or more,True
0000289_05001_d_0000836.jpg,/data/raja/Datasets/VisDrone/VisDrone2019-DET-val/images/0000289_05001_d_0000836.jpg,motor,5,4 or more,4 or more,True
0000289_05201_d_0000837.jpg,/data/raja/Datasets/VisDrone/VisDrone2019-DET-val/images/0000289_05201_d_0000837.jpg,motor,7,4 or more,4 or more,True
0000289_05401_d_0000838.jpg,/data/raja/Datasets/VisDrone/VisDrone2019-DET-val/images/0000289_05401_d_0000838.jpg,bicycle,3,3,3,True
0000289_05601_d_0000839.jpg,/data/raja/Datasets/VisDrone/VisDrone2019-DET-val/images/0000289_05601_d_0000839.jpg,van,3,3,3,True
0000289_05801_d_0000840.jpg,/data/raja/Datasets/VisDrone/VisDrone2019-DET-val/images/0000289_05801_d_0000840.jpg,people,1,1,1,True
0000289_06001_d_0000841.jpg,/data/raja/Datasets/VisDrone/VisDrone2019-DET-val/images/0000289_06001_d_0000841.jpg,motor,5,4 or more,4 or more,True
0000289_06201_d_0000842.jpg,/data/raja/Datasets/VisDrone/VisDrone2019-DET-val/images/0000289_06201_d_0000842.jpg,pedestrian,4,4 or more,4 or more,True
0000289_06401_d_0000843.jpg,/data/raja/Datasets/VisDrone/VisDrone2019-DET-val/images/0000289_06401_d_0000843.jpg,bicycle,1,1,1,True
0000289_06601_d_0000844.jpg,/data/raja/Datasets/VisDrone/VisDrone2019-DET-val/images/0000289_06601_d_0000844.jpg,bicycle,2,2,2,True
0000289_06801_d_0000845.jpg,/data/raja/Datasets/VisDrone/VisDrone2019-DET-val/images/0000289_06801_d_0000845.jpg,van,1,1,1,True
0000289_07001_d_0000846.jpg,/data/raja/Datasets/VisDrone/VisDrone2019-DET-val/images/0000289_07001_d_0000846.jpg,car,22,4 or more,4 or more,True
0000289_07201_d_0000847.jpg,/data/raja/Datasets/VisDrone/VisDrone2019-DET-val/images/0000289_07201_d_0000847.jpg,truck,1,1,1,True
0000290_04001_d_0000867.jpg,/data/raja/Datasets/VisDrone/VisDrone2019-DET-val/images/0000290_04001_d_0000867.jpg,car,24,4 or more,4 or more,True
0000291_00001_d_0000868.jpg,/data/raja/Datasets/VisDrone/VisDrone2019-DET-val/images/0000291_00001_d_0000868.jpg,awning-tricycle,1,1,1,True
0000291_00201_d_0000869.jpg,/data/raja/Datasets/VisDrone/VisDrone2019-DET-val/images/0000291_00201_d_0000869.jpg,motor,1,1,1,True
0000291_00401_d_0000870.jpg,/data/raja/Datasets/VisDrone/VisDrone2019-DET-val/images/0000291_00401_d_0000870.jpg,car,12,4 or more,4 or more,True
0000291_00601_d_0000871.jpg,/data/raja/Datasets/VisDrone/VisDrone2019-DET-val/images/0000291_00601_d_0000871.jpg,truck,1,1,1,True
0000291_01001_d_0000873.jpg,/data/raja/Datasets/VisDrone/VisDrone2019-DET-val/images/0000291_01001_d_0000873.jpg,car,17,4 or more,4 or more,True
0000291_01201_d_0000874.jpg,/data/raja/Datasets/VisDrone/VisDrone2019-DET-val/images/0000291_01201_d_0000874.jpg,people,5,4 or more,4 or more,True
0000291_01401_d_0000875.jpg,/data/raja/Datasets/VisDrone/VisDrone2019-DET-val/images/0000291_01401_d_0000875.jpg,van,14,4 or more,4 or more,True
0000291_01601_d_0000876.jpg,/data/raja/Datasets/VisDrone/VisDrone2019-DET-val/images/0000291_01601_d_0000876.jpg,awning-tricycle,3,3,3,True
0000291_01801_d_0000877.jpg,/data/raja/Datasets/VisDrone/VisDrone2019-DET-val/images/0000291_01801_d_0000877.jpg,people,2,2,2,True
0000291_02001_d_0000878.jpg,/data/raja/Datasets/VisDrone/VisDrone2019-DET-val/images/0000291_02001_d_0000878.jpg,tricycle,5,4 or more,4 or more,True
0000291_02201_d_0000879.jpg,/data/raja/Datasets/VisDrone/VisDrone2019-DET-val/images/0000291_02201_d_0000879.jpg,bus,2,2,2,True
0000291_02601_d_0000881.jpg,/data/raja/Datasets/VisDrone/VisDrone2019-DET-val/images/0000291_02601_d_0000881.jpg,people,3,3,3,True
0000291_03201_d_0000884.jpg,/data/raja/Datasets/VisDrone/VisDrone2019-DET-val/images/0000291_03201_d_0000884.jpg,tricycle,3,3,3,True
0000291_03401_d_0000885.jpg,/data/raja/Datasets/VisDrone/VisDrone2019-DET-val/images/0000291_03401_d_0000885.jpg,pedestrian,10,4 or more,4 or more,True
0000291_03601_d_0000886.jpg,/data/raja/Datasets/VisDrone/VisDrone2019-DET-val/images/0000291_03601_d_0000886.jpg,motor,4,4 or more,4 or more,True
0000291_03801_d_0000887.jpg,/data/raja/Datasets/VisDrone/VisDrone2019-DET-val/images/0000291_03801_d_0000887.jpg,people,20,4 or more,4 or more,True
0000291_04001_d_0000888.jpg,/data/raja/Datasets/VisDrone/VisDrone2019-DET-val/images/0000291_04001_d_0000888.jpg,motor,6,4 or more,4 or more,True
0000291_04201_d_0000889.jpg,/data/raja/Datasets/VisDrone/VisDrone2019-DET-val/images/0000291_04201_d_0000889.jpg,pedestrian,7,4 or more,4 or more,True
0000291_04401_d_0000890.jpg,/data/raja/Datasets/VisDrone/VisDrone2019-DET-val/images/0000291_04401_d_0000890.jpg,awning-tricycle,3,3,3,True
0000291_05001_d_0000892.jpg,/data/raja/Datasets/VisDrone/VisDrone2019-DET-val/images/0000291_05001_d_0000892.jpg,pedestrian,10,4 or more,4 or more,True
0000291_05201_d_0000893.jpg,/data/raja/Datasets/VisDrone/VisDrone2019-DET-val/images/0000291_05201_d_0000893.jpg,pedestrian,10,4 or more,4 or more,True
0000293_03601_d_0000940.jpg,/data/raja/Datasets/VisDrone/VisDrone2019-DET-val/images/0000293_03601_d_0000940.jpg,tricycle,1,1,1,True
0000295_00000_d_0000021.jpg,/data/raja/Datasets/VisDrone/VisDrone2019-DET-val/images/0000295_00000_d_0000021.jpg,bus,3,3,3,True
0000295_00200_d_0000022.jpg,/data/raja/Datasets/VisDrone/VisDrone2019-DET-val/images/0000295_00200_d_0000022.jpg,car,21,4 or more,4 or more,True
0000295_00600_d_0000024.jpg,/data/raja/Datasets/VisDrone/VisDrone2019-DET-val/images/0000295_00600_d_0000024.jpg,car,12,4 or more,4 or more,True
0000295_00800_d_0000025.jpg,/data/raja/Datasets/VisDrone/VisDrone2019-DET-val/images/0000295_00800_d_0000025.jpg,bicycle,2,2,2,True
0000295_01000_d_0000026.jpg,/data/raja/Datasets/VisDrone/VisDrone2019-DET-val/images/0000295_01000_d_0000026.jpg,car,17,4 or more,4 or more,True
0000295_01200_d_0000027.jpg,/data/raja/Datasets/VisDrone/VisDrone2019-DET-val/images/0000295_01200_d_0000027.jpg,bus,2,2,2,True
0000295_01400_d_0000028.jpg,/data/raja/Datasets/VisDrone/VisDrone2019-DET-val/images/0000295_01400_d_0000028.jpg,bicycle,1,1,1,True
0000295_01600_d_0000029.jpg,/data/raja/Datasets/VisDrone/VisDrone2019-DET-val/images/0000295_01600_d_0000029.jpg,car,17,4 or more,4 or more,True
0000295_01800_d_0000030.jpg,/data/raja/Datasets/VisDrone/VisDrone2019-DET-val/images/0000295_01800_d_0000030.jpg,bus,6,4 or more,4 or more,True
0000295_02000_d_0000031.jpg,/data/raja/Datasets/VisDrone/VisDrone2019-DET-val/images/0000295_02000_d_0000031.jpg,awning-tricycle,1,1,1,True
0000295_02200_d_0000032.jpg,/data/raja/Datasets/VisDrone/VisDrone2019-DET-val/images/0000295_02200_d_0000032.jpg,bus,6,4 or more,4 or more,True
0000295_02400_d_0000033.jpg,/data/raja/Datasets/VisDrone/VisDrone2019-DET-val/images/0000295_02400_d_0000033.jpg,motor,1,1,1,True
0000295_02900_d_0000034.jpg,/data/raja/Datasets/VisDrone/VisDrone2019-DET-val/images/0000295_02900_d_0000034.jpg,car,24,4 or more,4 or more,True
0000296_00601_d_0000038.jpg,/data/raja/Datasets/VisDrone/VisDrone2019-DET-val/images/0000296_00601_d_0000038.jpg,motor,1,1,1,True
0000296_01001_d_0000040.jpg,/data/raja/Datasets/VisDrone/VisDrone2019-DET-val/images/0000296_01001_d_0000040.jpg,bus,3,3,3,True
0000300_03201_d_0000154.jpg,/data/raja/Datasets/VisDrone/VisDrone2019-DET-val/images/0000300_03201_d_0000154.jpg,pedestrian,5,4 or more,4 or more,True
0000301_00001_d_0000156.jpg,/data/raja/Datasets/VisDrone/VisDrone2019-DET-val/images/0000301_00001_d_0000156.jpg,tricycle,1,1,1,True
0000301_00201_d_0000157.jpg,/data/raja/Datasets/VisDrone/VisDrone2019-DET-val/images/0000301_00201_d_0000157.jpg,pedestrian,2,2,2,True
0000301_01001_d_0000161.jpg,/data/raja/Datasets/VisDrone/VisDrone2019-DET-val/images/0000301_01001_d_0000161.jpg,van,2,2,2,True
0000301_01201_d_0000162.jpg,/data/raja/Datasets/VisDrone/VisDrone2019-DET-val/images/0000301_01201_d_0000162.jpg,car,16,4 or more,4 or more,True
0000303_03401_d_0000200.jpg,/data/raja/Datasets/VisDrone/VisDrone2019-DET-val/images/0000303_03401_d_0000200.jpg,car,17,4 or more,4 or more,True
0000308_04401_d_0000327.jpg,/data/raja/Datasets/VisDrone/VisDrone2019-DET-val/images/0000308_04401_d_0000327.jpg,pedestrian,5,4 or more,4 or more,True
0000312_00001_d_0000414.jpg,/data/raja/Datasets/VisDrone/VisDrone2019-DET-val/images/0000312_00001_d_0000414.jpg,truck,2,2,2,True
0000312_00201_d_0000415.jpg,/data/raja/Datasets/VisDrone/VisDrone2019-DET-val/images/0000312_00201_d_0000415.jpg,truck,2,2,2,True
0000312_00601_d_0000417.jpg,/data/raja/Datasets/VisDrone/VisDrone2019-DET-val/images/0000312_00601_d_0000417.jpg,motor,1,1,1,True
0000312_01001_d_0000419.jpg,/data/raja/Datasets/VisDrone/VisDrone2019-DET-val/images/0000312_01001_d_0000419.jpg,pedestrian,1,1,1,True
0000312_01201_d_0000420.jpg,/data/raja/Datasets/VisDrone/VisDrone2019-DET-val/images/0000312_01201_d_0000420.jpg,tricycle,1,1,1,True
0000312_02201_d_0000425.jpg,/data/raja/Datasets/VisDrone/VisDrone2019-DET-val/images/0000312_02201_d_0000425.jpg,tricycle,2,2,2,True
0000312_02401_d_0000426.jpg,/data/raja/Datasets/VisDrone/VisDrone2019-DET-val/images/0000312_02401_d_0000426.jpg,car,31,4 or more,4 or more,True
0000312_04201_d_0000435.jpg,/data/raja/Datasets/VisDrone/VisDrone2019-DET-val/images/0000312_04201_d_0000435.jpg,car,29,4 or more,4 or more,True
0000313_06401_d_0000468.jpg,/data/raja/Datasets/VisDrone/VisDrone2019-DET-val/images/0000313_06401_d_0000468.jpg,car,5,4 or more,4 or more,True
0000313_06601_d_0000469.jpg,/data/raja/Datasets/VisDrone/VisDrone2019-DET-val/images/0000313_06601_d_0000469.jpg,truck,1,1,1,True
0000313_07001_d_0000471.jpg,/data/raja/Datasets/VisDrone/VisDrone2019-DET-val/images/0000313_07001_d_0000471.jpg,car,1,1,1,True
0000315_01601_d_0000509.jpg,/data/raja/Datasets/VisDrone/VisDrone2019-DET-val/images/0000315_01601_d_0000509.jpg,tricycle,3,3,3,True
0000316_00001_d_0000519.jpg,/data/raja/Datasets/VisDrone/VisDrone2019-DET-val/images/0000316_00001_d_0000519.jpg,motor,2,2,2,True
0000316_00201_d_0000520.jpg,/data/raja/Datasets/VisDrone/VisDrone2019-DET-val/images/0000316_00201_d_0000520.jpg,car,8,4 or more,4 or more,True
0000316_00401_d_0000521.jpg,/data/raja/Datasets/VisDrone/VisDrone2019-DET-val/images/0000316_00401_d_0000521.jpg,motor,1,1,1,True
0000316_00601_d_0000522.jpg,/data/raja/Datasets/VisDrone/VisDrone2019-DET-val/images/0000316_00601_d_0000522.jpg,motor,1,1,1,True
0000316_00801_d_0000523.jpg,/data/raja/Datasets/VisDrone/VisDrone2019-DET-val/images/0000316_00801_d_0000523.jpg,van,1,1,1,True
0000316_01001_d_0000524.jpg,/data/raja/Datasets/VisDrone/VisDrone2019-DET-val/images/0000316_01001_d_0000524.jpg,car,3,3,3,True
0000316_01201_d_0000525.jpg,/data/raja/Datasets/VisDrone/VisDrone2019-DET-val/images/0000316_01201_d_0000525.jpg,awning-tricycle,3,3,3,True
0000316_01401_d_0000526.jpg,/data/raja/Datasets/VisDrone/VisDrone2019-DET-val/images/0000316_01401_d_0000526.jpg,motor,1,1,1,True
0000316_01601_d_0000527.jpg,/data/raja/Datasets/VisDrone/VisDrone2019-DET-val/images/0000316_01601_d_0000527.jpg,car,7,4 or more,4 or more,True
0000316_01801_d_0000528.jpg,/data/raja/Datasets/VisDrone/VisDrone2019-DET-val/images/0000316_01801_d_0000528.jpg,motor,4,4 or more,4 or more,True
0000316_02001_d_0000529.jpg,/data/raja/Datasets/VisDrone/VisDrone2019-DET-val/images/0000316_02001_d_0000529.jpg,car,2,2,2,True
0000316_02201_d_0000530.jpg,/data/raja/Datasets/VisDrone/VisDrone2019-DET-val/images/0000316_02201_d_0000530.jpg,pedestrian,3,3,3,True
0000323_02601_d_0000645.jpg,/data/raja/Datasets/VisDrone/VisDrone2019-DET-val/images/0000323_02601_d_0000645.jpg,pedestrian,5,4 or more,4 or more,True
0000327_00001_d_0000711.jpg,/data/raja/Datasets/VisDrone/VisDrone2019-DET-val/images/0000327_00001_d_0000711.jpg,motor,1,1,1,True
0000327_00201_d_0000712.jpg,/data/raja/Datasets/VisDrone/VisDrone2019-DET-val/images/0000327_00201_d_0000712.jpg,pedestrian,1,1,1,True
0000327_00401_d_0000713.jpg,/data/raja/Datasets/VisDrone/VisDrone2019-DET-val/images/0000327_00401_d_0000713.jpg,people,1,1,1,True
0000327_00601_d_0000714.jpg,/data/raja/Datasets/VisDrone/VisDrone2019-DET-val/images/0000327_00601_d_0000714.jpg,motor,1,1,1,True
0000327_00801_d_0000715.jpg,/data/raja/Datasets/VisDrone/VisDrone2019-DET-val/images/0000327_00801_d_0000715.jpg,van,3,3,3,True
0000327_01001_d_0000716.jpg,/data/raja/Datasets/VisDrone/VisDrone2019-DET-val/images/0000327_01001_d_0000716.jpg,van,1,1,1,True
0000327_01201_d_0000717.jpg,/data/raja/Datasets/VisDrone/VisDrone2019-DET-val/images/0000327_01201_d_0000717.jpg,people,2,2,2,True
0000327_01401_d_0000718.jpg,/data/raja/Datasets/VisDrone/VisDrone2019-DET-val/images/0000327_01401_d_0000718.jpg,bicycle,2,2,2,True
0000327_01801_d_0000720.jpg,/data/raja/Datasets/VisDrone/VisDrone2019-DET-val/images/0000327_01801_d_0000720.jpg,truck,1,1,1,True
0000327_02601_d_0000724.jpg,/data/raja/Datasets/VisDrone/VisDrone2019-DET-val/images/0000327_02601_d_0000724.jpg,pedestrian,1,1,1,True
0000327_02801_d_0000725.jpg,/data/raja/Datasets/VisDrone/VisDrone2019-DET-val/images/0000327_02801_d_0000725.jpg,van,2,2,2,True
0000327_03001_d_0000726.jpg,/data/raja/Datasets/VisDrone/VisDrone2019-DET-val/images/0000327_03001_d_0000726.jpg,pedestrian,1,1,1,True
0000327_03201_d_0000727.jpg,/data/raja/Datasets/VisDrone/VisDrone2019-DET-val/images/0000327_03201_d_0000727.jpg,van,6,4 or more,4 or more,True
0000327_03401_d_0000728.jpg,/data/raja/Datasets/VisDrone/VisDrone2019-DET-val/images/0000327_03401_d_0000728.jpg,car,10,4 or more,4 or more,True
0000327_03601_d_0000729.jpg,/data/raja/Datasets/VisDrone/VisDrone2019-DET-val/images/0000327_03601_d_0000729.jpg,truck,2,2,2,True
0000327_03801_d_0000730.jpg,/data/raja/Datasets/VisDrone/VisDrone2019-DET-val/images/0000327_03801_d_0000730.jpg,pedestrian,1,1,1,True
0000327_04001_d_0000731.jpg,/data/raja/Datasets/VisDrone/VisDrone2019-DET-val/images/0000327_04001_d_0000731.jpg,van,1,1,1,True
0000327_04201_d_0000732.jpg,/data/raja/Datasets/VisDrone/VisDrone2019-DET-val/images/0000327_04201_d_0000732.jpg,motor,1,1,1,True
0000330_00001_d_0000800.jpg,/data/raja/Datasets/VisDrone/VisDrone2019-DET-val/images/0000330_00001_d_0000800.jpg,van,1,1,1,True
0000330_00201_d_0000801.jpg,/data/raja/Datasets/VisDrone/VisDrone2019-DET-val/images/0000330_00201_d_0000801.jpg,pedestrian,4,4 or more,4 or more,True
0000330_00401_d_0000802.jpg,/data/raja/Datasets/VisDrone/VisDrone2019-DET-val/images/0000330_00401_d_0000802.jpg,tricycle,3,3,3,True
0000330_00601_d_0000803.jpg,/data/raja/Datasets/VisDrone/VisDrone2019-DET-val/images/0000330_00601_d_0000803.jpg,car,15,4 or more,4 or more,True
0000330_00801_d_0000804.jpg,/data/raja/Datasets/VisDrone/VisDrone2019-DET-val/images/0000330_00801_d_0000804.jpg,people,2,2,2,True
0000330_01001_d_0000805.jpg,/data/raja/Datasets/VisDrone/VisDrone2019-DET-val/images/0000330_01001_d_0000805.jpg,tricycle,1,1,1,True
0000330_01201_d_0000806.jpg,/data/raja/Datasets/VisDrone/VisDrone2019-DET-val/images/0000330_01201_d_0000806.jpg,car,22,4 or more,4 or more,True
0000330_01401_d_0000807.jpg,/data/raja/Datasets/VisDrone/VisDrone2019-DET-val/images/0000330_01401_d_0000807.jpg,car,29,4 or more,4 or more,True
0000330_01601_d_0000808.jpg,/data/raja/Datasets/VisDrone/VisDrone2019-DET-val/images/0000330_01601_d_0000808.jpg,motor,1,1,1,True
0000330_01801_d_0000809.jpg,/data/raja/Datasets/VisDrone/VisDrone2019-DET-val/images/0000330_01801_d_0000809.jpg,car,16,4 or more,4 or more,True
0000330_02001_d_0000810.jpg,/data/raja/Datasets/VisDrone/VisDrone2019-DET-val/images/0000330_02001_d_0000810.jpg,car,16,4 or more,4 or more,True
0000330_02201_d_0000811.jpg,/data/raja/Datasets/VisDrone/VisDrone2019-DET-val/images/0000330_02201_d_0000811.jpg,pedestrian,3,3,3,True
0000330_02801_d_0000814.jpg,/data/raja/Datasets/VisDrone/VisDrone2019-DET-val/images/0000330_02801_d_0000814.jpg,car,13,4 or more,4 or more,True
0000330_03001_d_0000815.jpg,/data/raja/Datasets/VisDrone/VisDrone2019-DET-val/images/0000330_03001_d_0000815.jpg,motor,1,1,1,True
0000330_03201_d_0000816.jpg,/data/raja/Datasets/VisDrone/VisDrone2019-DET-val/images/0000330_03201_d_0000816.jpg,people,3,3,3,True
0000330_04001_d_0000820.jpg,/data/raja/Datasets/VisDrone/VisDrone2019-DET-val/images/0000330_04001_d_0000820.jpg,motor,7,4 or more,4 or more,True
0000330_04201_d_0000821.jpg,/data/raja/Datasets/VisDrone/VisDrone2019-DET-val/images/0000330_04201_d_0000821.jpg,van,5,4 or more,4 or more,True
0000330_04401_d_0000822.jpg,/data/raja/Datasets/VisDrone/VisDrone2019-DET-val/images/0000330_04401_d_0000822.jpg,truck,1,1,1,True
0000330_04601_d_0000823.jpg,/data/raja/Datasets/VisDrone/VisDrone2019-DET-val/images/0000330_04601_d_0000823.jpg,van,1,1,1,True
0000333_00001_d_0000001.jpg,/data/raja/Datasets/VisDrone/VisDrone2019-DET-val/images/0000333_00001_d_0000001.jpg,car,32,4 or more,4 or more,True
0000333_01765_d_0000010.jpg,/data/raja/Datasets/VisDrone/VisDrone2019-DET-val/images/0000333_01765_d_0000010.jpg,car,33,4 or more,4 or more,True
0000333_01961_d_0000011.jpg,/data/raja/Datasets/VisDrone/VisDrone2019-DET-val/images/0000333_01961_d_0000011.jpg,bus,1,1,1,True
0000333_02157_d_0000012.jpg,/data/raja/Datasets/VisDrone/VisDrone2019-DET-val/images/0000333_02157_d_0000012.jpg,van,6,4 or more,4 or more,True
0000333_02353_d_0000013.jpg,/data/raja/Datasets/VisDrone/VisDrone2019-DET-val/images/0000333_02353_d_0000013.jpg,van,6,4 or more,4 or more,True
0000333_02549_d_0000014.jpg,/data/raja/Datasets/VisDrone/VisDrone2019-DET-val/images/0000333_02549_d_0000014.jpg,car,19,4 or more,4 or more,True
0000333_02745_d_0000015.jpg,/data/raja/Datasets/VisDrone/VisDrone2019-DET-val/images/0000333_02745_d_0000015.jpg,car,15,4 or more,4 or more,True
0000333_02941_d_0000016.jpg,/data/raja/Datasets/VisDrone/VisDrone2019-DET-val/images/0000333_02941_d_0000016.jpg,van,1,1,1,True
0000333_03137_d_0000017.jpg,/data/raja/Datasets/VisDrone/VisDrone2019-DET-val/images/0000333_03137_d_0000017.jpg,car,15,4 or more,4 or more,True
0000333_03333_d_0000018.jpg,/data/raja/Datasets/VisDrone/VisDrone2019-DET-val/images/0000333_03333_d_0000018.jpg,car,25,4 or more,4 or more,True
0000333_03529_d_0000019.jpg,/data/raja/Datasets/VisDrone/VisDrone2019-DET-val/images/0000333_03529_d_0000019.jpg,van,2,2,2,True
0000333_03725_d_0000020.jpg,/data/raja/Datasets/VisDrone/VisDrone2019-DET-val/images/0000333_03725_d_0000020.jpg,truck,2,2,2,True
0000335_00001_d_0000043.jpg,/data/raja/Datasets/VisDrone/VisDrone2019-DET-val/images/0000335_00001_d_0000043.jpg,awning-tricycle,1,1,1,True
0000335_00197_d_0000044.jpg,/data/raja/Datasets/VisDrone/VisDrone2019-DET-val/images/0000335_00197_d_0000044.jpg,tricycle,4,4 or more,4 or more,True
0000335_00393_d_0000045.jpg,/data/raja/Datasets/VisDrone/VisDrone2019-DET-val/images/0000335_00393_d_0000045.jpg,pedestrian,5,4 or more,4 or more,True
0000335_00589_d_0000046.jpg,/data/raja/Datasets/VisDrone/VisDrone2019-DET-val/images/0000335_00589_d_0000046.jpg,van,2,2,2,True
0000335_00785_d_0000047.jpg,/data/raja/Datasets/VisDrone/VisDrone2019-DET-val/images/0000335_00785_d_0000047.jpg,car,6,4 or more,4 or more,True
0000335_00981_d_0000048.jpg,/data/raja/Datasets/VisDrone/VisDrone2019-DET-val/images/0000335_00981_d_0000048.jpg,bicycle,1,1,1,True
0000335_01765_d_0000052.jpg,/data/raja/Datasets/VisDrone/VisDrone2019-DET-val/images/0000335_01765_d_0000052.jpg,car,12,4 or more,4 or more,True
0000335_01961_d_0000053.jpg,/data/raja/Datasets/VisDrone/VisDrone2019-DET-val/images/0000335_01961_d_0000053.jpg,tricycle,1,1,1,True
0000335_02353_d_0000055.jpg,/data/raja/Datasets/VisDrone/VisDrone2019-DET-val/images/0000335_02353_d_0000055.jpg,truck,1,1,1,True
0000335_02549_d_0000056.jpg,/data/raja/Datasets/VisDrone/VisDrone2019-DET-val/images/0000335_02549_d_0000056.jpg,awning-tricycle,1,1,1,True
0000335_02745_d_0000057.jpg,/data/raja/Datasets/VisDrone/VisDrone2019-DET-val/images/0000335_02745_d_0000057.jpg,van,1,1,1,True
0000335_03137_d_0000059.jpg,/data/raja/Datasets/VisDrone/VisDrone2019-DET-val/images/0000335_03137_d_0000059.jpg,car,15,4 or more,4 or more,True
0000335_03333_d_0000060.jpg,/data/raja/Datasets/VisDrone/VisDrone2019-DET-val/images/0000335_03333_d_0000060.jpg,tricycle,1,1,1,True
0000335_03725_d_0000062.jpg,/data/raja/Datasets/VisDrone/VisDrone2019-DET-val/images/0000335_03725_d_0000062.jpg,people,2,2,2,True
0000335_03921_d_0000063.jpg,/data/raja/Datasets/VisDrone/VisDrone2019-DET-val/images/0000335_03921_d_0000063.jpg,car,25,4 or more,4 or more,True
0000335_04117_d_0000064.jpg,/data/raja/Datasets/VisDrone/VisDrone2019-DET-val/images/0000335_04117_d_0000064.jpg,car,17,4 or more,4 or more,True
0000335_04313_d_0000065.jpg,/data/raja/Datasets/VisDrone/VisDrone2019-DET-val/images/0000335_04313_d_0000065.jpg,motor,1,1,1,True
0000335_05097_d_0000069.jpg,/data/raja/Datasets/VisDrone/VisDrone2019-DET-val/images/0000335_05097_d_0000069.jpg,car,10,4 or more,4 or more,True
0000335_05685_d_0000072.jpg,/data/raja/Datasets/VisDrone/VisDrone2019-DET-val/images/0000335_05685_d_0000072.jpg,car,10,4 or more,4 or more,True
0000335_06469_d_0000076.jpg,/data/raja/Datasets/VisDrone/VisDrone2019-DET-val/images/0000335_06469_d_0000076.jpg,van,1,1,1,True
0000335_06665_d_0000077.jpg,/data/raja/Datasets/VisDrone/VisDrone2019-DET-val/images/0000335_06665_d_0000077.jpg,people,2,2,2,True
0000335_06861_d_0000078.jpg,/data/raja/Datasets/VisDrone/VisDrone2019-DET-val/images/0000335_06861_d_0000078.jpg,people,1,1,1,True
0000342_00393_d_0000244.jpg,/data/raja/Datasets/VisDrone/VisDrone2019-DET-val/images/0000342_00393_d_0000244.jpg,car,12,4 or more,4 or more,True
0000345_07057_d_0000345.jpg,/data/raja/Datasets/VisDrone/VisDrone2019-DET-val/images/0000345_07057_d_0000345.jpg,bicycle,1,1,1,True
0000346_00001_d_0000346.jpg,/data/raja/Datasets/VisDrone/VisDrone2019-DET-val/images/0000346_00001_d_0000346.jpg,pedestrian,4,4 or more,4 or more,True
0000346_01961_d_0000356.jpg,/data/raja/Datasets/VisDrone/VisDrone2019-DET-val/images/0000346_01961_d_0000356.jpg,truck,1,1,1,True
0000346_02549_d_0000359.jpg,/data/raja/Datasets/VisDrone/VisDrone2019-DET-val/images/0000346_02549_d_0000359.jpg,van,5,4 or more,4 or more,True
0000346_03921_d_0000366.jpg,/data/raja/Datasets/VisDrone/VisDrone2019-DET-val/images/0000346_03921_d_0000366.jpg,people,1,1,1,True
0000346_07057_d_0000382.jpg,/data/raja/Datasets/VisDrone/VisDrone2019-DET-val/images/0000346_07057_d_0000382.jpg,truck,1,1,1,True
0000348_00589_d_0000409.jpg,/data/raja/Datasets/VisDrone/VisDrone2019-DET-val/images/0000348_00589_d_0000409.jpg,pedestrian,1,1,1,True
0000348_03333_d_0000423.jpg,/data/raja/Datasets/VisDrone/VisDrone2019-DET-val/images/0000348_03333_d_0000423.jpg,motor,1,1,1,True
0000356_00589_d_0000632.jpg,/data/raja/Datasets/VisDrone/VisDrone2019-DET-val/images/0000356_00589_d_0000632.jpg,tricycle,1,1,1,True
0000356_01177_d_0000635.jpg,/data/raja/Datasets/VisDrone/VisDrone2019-DET-val/images/0000356_01177_d_0000635.jpg,people,2,2,2,True
0000356_01569_d_0000637.jpg,/data/raja/Datasets/VisDrone/VisDrone2019-DET-val/images/0000356_01569_d_0000637.jpg,motor,5,4 or more,4 or more,True
0000356_01765_d_0000638.jpg,/data/raja/Datasets/VisDrone/VisDrone2019-DET-val/images/0000356_01765_d_0000638.jpg,car,21,4 or more,4 or more,True
0000356_01961_d_0000639.jpg,/data/raja/Datasets/VisDrone/VisDrone2019-DET-val/images/0000356_01961_d_0000639.jpg,pedestrian,1,1,1,True
0000356_02157_d_0000640.jpg,/data/raja/Datasets/VisDrone/VisDrone2019-DET-val/images/0000356_02157_d_0000640.jpg,people,1,1,1,True
0000356_02353_d_0000641.jpg,/data/raja/Datasets/VisDrone/VisDrone2019-DET-val/images/0000356_02353_d_0000641.jpg,truck,2,2,2,True
0000356_02745_d_0000643.jpg,/data/raja/Datasets/VisDrone/VisDrone2019-DET-val/images/0000356_02745_d_0000643.jpg,motor,4,4 or more,4 or more,True
0000356_02941_d_0000644.jpg,/data/raja/Datasets/VisDrone/VisDrone2019-DET-val/images/0000356_02941_d_0000644.jpg,tricycle,1,1,1,True
0000356_03333_d_0000646.jpg,/data/raja/Datasets/VisDrone/VisDrone2019-DET-val/images/0000356_03333_d_0000646.jpg,truck,2,2,2,True
0000356_03529_d_0000647.jpg,/data/raja/Datasets/VisDrone/VisDrone2019-DET-val/images/0000356_03529_d_0000647.jpg,bus,1,1,1,True
0000356_03725_d_0000648.jpg,/data/raja/Datasets/VisDrone/VisDrone2019-DET-val/images/0000356_03725_d_0000648.jpg,awning-tricycle,1,1,1,True
0000356_03921_d_0000649.jpg,/data/raja/Datasets/VisDrone/VisDrone2019-DET-val/images/0000356_03921_d_0000649.jpg,truck,2,2,2,True
0000356_04117_d_0000650.jpg,/data/raja/Datasets/VisDrone/VisDrone2019-DET-val/images/0000356_04117_d_0000650.jpg,car,16,4 or more,4 or more,True
0000356_04313_d_0000651.jpg,/data/raja/Datasets/VisDrone/VisDrone2019-DET-val/images/0000356_04313_d_0000651.jpg,tricycle,1,1,1,True
0000356_04705_d_0000653.jpg,/data/raja/Datasets/VisDrone/VisDrone2019-DET-val/images/0000356_04705_d_0000653.jpg,motor,2,2,2,True
0000356_04901_d_0000654.jpg,/data/raja/Datasets/VisDrone/VisDrone2019-DET-val/images/0000356_04901_d_0000654.jpg,tricycle,1,1,1,True
0000356_05097_d_0000655.jpg,/data/raja/Datasets/VisDrone/VisDrone2019-DET-val/images/0000356_05097_d_0000655.jpg,people,1,1,1,True
0000358_03333_d_0000697.jpg,/data/raja/Datasets/VisDrone/VisDrone2019-DET-val/images/0000358_03333_d_0000697.jpg,van,3,3,3,True
0000359_00393_d_0000701.jpg,/data/raja/Datasets/VisDrone/VisDrone2019-DET-val/images/0000359_00393_d_0000701.jpg,pedestrian,1,1,1,True
0000359_00589_d_0000702.jpg,/data/raja/Datasets/VisDrone/VisDrone2019-DET-val/images/0000359_00589_d_0000702.jpg,tricycle,1,1,1,True
0000359_00785_d_0000703.jpg,/data/raja/Datasets/VisDrone/VisDrone2019-DET-val/images/0000359_00785_d_0000703.jpg,pedestrian,1,1,1,True
0000359_00981_d_0000704.jpg,/data/raja/Datasets/VisDrone/VisDrone2019-DET-val/images/0000359_00981_d_0000704.jpg,motor,1,1,1,True
0000359_01177_d_0000705.jpg,/data/raja/Datasets/VisDrone/VisDrone2019-DET-val/images/0000359_01177_d_0000705.jpg,car,30,4 or more,4 or more,True
0000359_01373_d_0000706.jpg,/data/raja/Datasets/VisDrone/VisDrone2019-DET-val/images/0000359_01373_d_0000706.jpg,car,8,4 or more,4 or more,True
0000359_01961_d_0000707.jpg,/data/raja/Datasets/VisDrone/VisDrone2019-DET-val/images/0000359_01961_d_0000707.jpg,pedestrian,2,2,2,True
0000359_02353_d_0000708.jpg,/data/raja/Datasets/VisDrone/VisDrone2019-DET-val/images/0000359_02353_d_0000708.jpg,car,5,4 or more,4 or more,True
0000359_02549_d_0000709.jpg,/data/raja/Datasets/VisDrone/VisDrone2019-DET-val/images/0000359_02549_d_0000709.jpg,van,2,2,2,True
0000359_03333_d_0000711.jpg,/data/raja/Datasets/VisDrone/VisDrone2019-DET-val/images/0000359_03333_d_0000711.jpg,car,2,2,2,True
0000359_03529_d_0000712.jpg,/data/raja/Datasets/VisDrone/VisDrone2019-DET-val/images/0000359_03529_d_0000712.jpg,van,2,2,2,True
0000360_00001_d_0000713.jpg,/data/raja/Datasets/VisDrone/VisDrone2019-DET-val/images/0000360_00001_d_0000713.jpg,motor,1,1,1,True
0000360_00197_d_0000714.jpg,/data/raja/Datasets/VisDrone/VisDrone2019-DET-val/images/0000360_00197_d_0000714.jpg,van,1,1,1,True
0000360_00393_d_0000715.jpg,/data/raja/Datasets/VisDrone/VisDrone2019-DET-val/images/0000360_00393_d_0000715.jpg,motor,2,2,2,True
0000360_00589_d_0000716.jpg,/data/raja/Datasets/VisDrone/VisDrone2019-DET-val/images/0000360_00589_d_0000716.jpg,awning-tricycle,2,2,2,True
0000360_00785_d_0000717.jpg,/data/raja/Datasets/VisDrone/VisDrone2019-DET-val/images/0000360_00785_d_0000717.jpg,pedestrian,1,1,1,True
0000360_00981_d_0000718.jpg,/data/raja/Datasets/VisDrone/VisDrone2019-DET-val/images/0000360_00981_d_0000718.jpg,motor,6,4 or more,4 or more,True
0000360_02353_d_0000725.jpg,/data/raja/Datasets/VisDrone/VisDrone2019-DET-val/images/0000360_02353_d_0000725.jpg,awning-tricycle,2,2,2,True
0000360_02745_d_0000727.jpg,/data/raja/Datasets/VisDrone/VisDrone2019-DET-val/images/0000360_02745_d_0000727.jpg,bicycle,2,2,2,True
0000360_02941_d_0000728.jpg,/data/raja/Datasets/VisDrone/VisDrone2019-DET-val/images/0000360_02941_d_0000728.jpg,tricycle,2,2,2,True
0000360_03137_d_0000729.jpg,/data/raja/Datasets/VisDrone/VisDrone2019-DET-val/images/0000360_03137_d_0000729.jpg,motor,4,4 or more,4 or more,True
0000360_03333_d_0000730.jpg,/data/raja/Datasets/VisDrone/VisDrone2019-DET-val/images/0000360_03333_d_0000730.jpg,truck,1,1,1,True
0000360_03529_d_0000731.jpg,/data/raja/Datasets/VisDrone/VisDrone2019-DET-val/images/0000360_03529_d_0000731.jpg,motor,4,4 or more,4 or more,True
0000360_03921_d_0000733.jpg,/data/raja/Datasets/VisDrone/VisDrone2019-DET-val/images/0000360_03921_d_0000733.jpg,van,2,2,2,True
0000360_04117_d_0000734.jpg,/data/raja/Datasets/VisDrone/VisDrone2019-DET-val/images/0000360_04117_d_0000734.jpg,van,1,1,1,True
0000360_04705_d_0000737.jpg,/data/raja/Datasets/VisDrone/VisDrone2019-DET-val/images/0000360_04705_d_0000737.jpg,motor,3,3,3,True
0000360_05293_d_0000740.jpg,/data/raja/Datasets/VisDrone/VisDrone2019-DET-val/images/0000360_05293_d_0000740.jpg,car,12,4 or more,4 or more,True
0000360_05685_d_0000742.jpg,/data/raja/Datasets/VisDrone/VisDrone2019-DET-val/images/0000360_05685_d_0000742.jpg,motor,4,4 or more,4 or more,True
0000360_06273_d_0000745.jpg,/data/raja/Datasets/VisDrone/VisDrone2019-DET-val/images/0000360_06273_d_0000745.jpg,motor,1,1,1,True
0000360_06665_d_0000747.jpg,/data/raja/Datasets/VisDrone/VisDrone2019-DET-val/images/0000360_06665_d_0000747.jpg,bicycle,1,1,1,True
0000360_06861_d_0000748.jpg,/data/raja/Datasets/VisDrone/VisDrone2019-DET-val/images/0000360_06861_d_0000748.jpg,car,12,4 or more,4 or more,True
0000360_07057_d_0000749.jpg,/data/raja/Datasets/VisDrone/VisDrone2019-DET-val/images/0000360_07057_d_0000749.jpg,tricycle,2,2,2,True
0000360_07253_d_0000750.jpg,/data/raja/Datasets/VisDrone/VisDrone2019-DET-val/images/0000360_07253_d_0000750.jpg,motor,3,3,3,True
0000360_07645_d_0000752.jpg,/data/raja/Datasets/VisDrone/VisDrone2019-DET-val/images/0000360_07645_d_0000752.jpg,pedestrian,4,4 or more,4 or more,True
0000364_00589_d_0000798.jpg,/data/raja/Datasets/VisDrone/VisDrone2019-DET-val/images/0000364_00589_d_0000798.jpg,motor,6,4 or more,4 or more,True
0000364_01177_d_0000799.jpg,/data/raja/Datasets/VisDrone/VisDrone2019-DET-val/images/0000364_01177_d_0000799.jpg,tricycle,5,4 or more,4 or more,True
0000364_01373_d_0000780.jpg,/data/raja/Datasets/VisDrone/VisDrone2019-DET-val/images/0000364_01373_d_0000780.jpg,car,2,2,2,True
0000364_01569_d_0000781.jpg,/data/raja/Datasets/VisDrone/VisDrone2019-DET-val/images/0000364_01569_d_0000781.jpg,people,2,2,2,True
0000364_01765_d_0000782.jpg,/data/raja/Datasets/VisDrone/VisDrone2019-DET-val/images/0000364_01765_d_0000782.jpg,motor,6,4 or more,4 or more,True
